episode,reward
0,14
1,15
2,15
3,14
4,14
5,16
6,16
7,13
8,17
9,15
10,26
11,21
12,27
13,26
14,9
15,25
16,17
17,11
18,14
19,25
20,12
21,12
22,15
23,18
24,19
25,15
26,13
27,12
28,16
29,18
30,14
31,10
32,41
33,9
34,10
35,8
36,18
37,12
38,11
39,10
40,15
41,30
42,11
43,16
44,14
45,13
46,16
47,16
48,13
49,15
50,9
51,13
52,11
53,12
54,11
55,9
56,17
57,8
58,11
59,11
60,11
61,11
62,14
63,9
64,10
65,8
66,19
67,12
68,14
69,9
70,12
71,11
72,10
73,13
74,13
75,15
76,13
77,11
78,10
79,10
80,9
81,9
82,10
83,13
84,11
85,12
86,11
87,8
88,10
89,9
90,9
91,15
92,11
93,12
94,10
95,8
96,10
97,10
98,9
99,18
100,12
101,15
102,13
103,9
104,10
105,12
106,11
107,10
108,10
109,10
110,9
111,10
112,13
113,11
114,11
115,12
116,14
117,10
118,11
119,10
120,10
121,14
122,9
123,10
124,12
125,11
126,10
127,10
128,11
129,29
130,10
131,16
132,13
133,9
134,12
135,63
136,15
137,12
138,29
139,19
140,10
141,10
142,11
143,70
144,10
145,10
146,9
147,11
148,10
149,10
150,10
151,10
152,9
153,10
154,9
155,12
156,12
157,9
158,10
159,14
160,10
161,15
162,12
163,10
164,11
165,13
166,9
167,10
168,12
169,10
170,60
171,10
172,14
173,9
174,10
175,51
176,53
177,57
178,9
179,10
180,12
181,9
182,9
183,10
184,9
185,11
186,27
187,11
188,9
189,10
190,10
191,11
192,42
193,11
194,12
195,11
196,9
197,11
198,10
199,11
200,10
201,10
202,10
203,10
204,9
205,10
206,10
207,11
208,9
209,10
210,9
211,10
212,10
213,9
214,10
215,9
216,8
217,10
218,10
219,14
220,9
221,10
222,10
223,13
224,10
225,9
226,10
227,10
228,9
229,10
230,10
231,10
232,10
233,8
234,9
235,10
236,10
237,9
238,10
239,10
240,12
241,9
242,9
243,10
244,9
245,11
246,9
247,9
248,10
249,8
250,11
251,9
252,9
253,10
254,10
255,10
256,10
257,10
258,8
259,10
260,11
261,9
262,10
263,9
264,8
265,20
266,11
267,9
268,8
269,10
270,9
271,10
272,10
273,9
274,9
275,9
276,9
277,9
278,10
279,9
280,12
281,9
282,9
283,9
284,10
285,8
286,10
287,10
288,9
289,10
290,9
291,11
292,9
293,10
294,8
295,9
296,9
297,22
298,9
299,9
300,9
301,9
302,9
303,9
304,10
305,9
306,8
307,9
308,9
309,9
310,10
311,9
312,9
313,10
314,10
315,9
316,12
317,10
318,9
319,12
320,10
321,9
322,10
323,11
324,8
325,9
326,9
327,10
328,9
329,10
330,10
331,10
332,10
333,10
334,9
335,8
336,10
337,9
338,9
339,9
340,9
341,9
342,8
343,10
344,10
345,8
346,9
347,10
348,9
349,9
350,10
351,9
352,10
353,9
354,10
355,9
356,10
357,10
358,10
359,8
360,9
361,10
362,8
363,10
364,9
365,9
366,10
367,9
368,10
369,9
370,9
371,8
372,11
373,10
374,10
375,10
376,9
377,9
378,10
379,10
380,9
381,10
382,9
383,9
384,10
385,9
386,11
387,10
388,10
389,9
390,10
391,10
392,9
393,9
394,10
395,10
396,10
397,10
398,8
399,8
400,9
401,11
402,9
403,10
404,10
405,9
406,9
407,9
408,10
409,10
410,10
411,10
412,10
413,9
414,8
415,10
416,9
417,10
418,9
419,11
420,9
421,9
422,9
423,9
424,9
425,8
426,9
427,10
428,10
429,11
430,10
431,10
432,10
433,10
434,9
435,8
436,8
437,10
438,11
439,13
440,11
441,9
442,10
443,10
444,10
445,10
446,9
447,10
448,9
449,10
450,9
451,10
452,11
453,10
454,9
455,10
456,9
457,9
458,8
459,10
460,9
461,9
462,10
463,9
464,9
465,10
466,9
467,11
468,10
469,10
470,11
471,9
472,9
473,9
474,11
475,9
476,10
477,10
478,9
479,10
480,12
481,9
482,9
483,9
484,10
485,10
486,10
487,10
488,10
489,11
490,10
491,8
492,11
493,10
494,10
495,11
496,9
497,10
498,8
499,10
500,11
501,8
502,9
503,9
504,9
505,10
506,8
507,8
508,10
509,11
510,8
511,11
512,9
513,9
514,10
515,10
516,10
517,10
518,8
519,10
520,10
521,10
522,11
523,10
524,10
525,8
526,10
527,8
528,11
529,10
530,9
531,9
532,9
533,10
534,10
535,9
536,11
537,9
538,11
539,9
540,10
541,10
542,12
543,10
544,8
545,10
546,9
547,9
548,13
549,8
550,11
551,9
552,9
553,16
554,8
555,10
556,9
557,11
558,11
559,10
560,10
561,9
562,9
563,15
564,9
565,10
566,9
567,21
568,11
569,9
570,23
571,12
572,10
573,10
574,12
575,12
576,9
577,10
578,10
579,11
580,23
581,17
582,11
583,10
584,11
585,10
586,12
587,13
588,11
589,10
590,11
591,8
592,12
593,10
594,11
595,10
596,12
597,11
598,9
599,26
600,10
601,9
602,10
603,11
604,9
605,10
606,11
607,10
608,8
609,12
610,9
611,10
612,9
613,10
614,10
615,11
616,11
617,19
618,9
619,10
620,10
621,13
622,10
623,9
624,9
625,10
626,9
627,11
628,11
629,11
630,12
631,11
632,10
633,9
634,9
635,9
636,9
637,11
638,9
639,11
640,10
641,9
642,11
643,11
644,10
645,11
646,11
647,11
648,9
649,9
650,10
651,11
652,12
653,12
654,10
655,9
656,10
657,12
658,17
659,12
660,12
661,15
662,8
663,23
664,11
665,11
666,11
667,12
668,11
669,13
670,9
671,12
672,16
673,11
674,10
675,10
676,12
677,12
678,9
679,10
680,51
681,14
682,10
683,13
684,13
685,10
686,11
687,10
688,10
689,17
690,11
691,16
692,12
693,20
694,10
695,14
696,20
697,29
698,13
699,12
700,18
701,14
702,12
703,14
704,15
705,13
706,12
707,11
708,18
709,10
710,17
711,15
712,21
713,13
714,18
715,17
716,23
717,19
718,13
719,15
720,20
721,9
722,10
723,10
724,22
725,22
726,8
727,15
728,12
729,15
730,10
731,10
732,16
733,11
734,12
735,9
736,13
737,13
738,10
739,12
740,13
741,10
742,12
743,10
744,8
745,9
746,11
747,9
748,18
749,16
750,10
751,11
752,10
753,9
754,10
755,9
756,10
757,8
758,13
759,9
760,10
761,8
762,9
763,16
764,10
765,14
766,12
767,15
768,10
769,12
770,9
771,8
772,9
773,11
774,12
775,16
776,14
777,17
778,12
779,10
780,8
781,10
782,12
783,10
784,11
785,10
786,13
787,15
788,13
789,12
790,8
791,11
792,12
793,10
794,12
795,9
796,15
797,13
798,8
799,11
800,36
801,9
802,10
803,14
804,10
805,10
806,16
807,12
808,23
809,10
810,11
811,11
812,11
813,10
814,10
815,10
816,10
817,12
818,9
819,12
820,13
821,10
822,27
823,10
824,9
825,10
826,15
827,10
828,16
829,12
830,10
831,10
832,10
833,11
834,12
835,10
836,14
837,10
838,10
839,13
840,9
841,9
842,14
843,11
844,10
845,10
846,9
847,10
848,8
849,9
850,9
851,9
852,10
853,11
854,9
855,8
856,10
857,8
858,8
859,9
860,12
861,10
862,9
863,10
864,11
865,10
866,11
867,9
868,9
869,8
870,10
871,9
872,9
873,10
874,10
875,8
876,8
877,8
878,9
879,10
880,9
881,10
882,11
883,8
884,10
885,11
886,9
887,10
888,12
889,10
890,9
891,9
892,9
893,9
894,9
895,11
896,11
897,8
898,10
899,9
900,8
901,10
902,9
903,10
904,20
905,9
906,8
907,12
908,9
909,10
910,12
911,10
912,8
913,12
914,10
915,8
916,10
917,11
918,10
919,9
920,9
921,10
922,9
923,10
924,9
925,9
926,10
927,9
928,8
929,9
930,10
931,11
932,8
933,10
934,9
935,9
936,10
937,10
938,8
939,9
940,9
941,10
942,11
943,9
944,11
945,8
946,9
947,9
948,9
949,9
950,9
951,9
952,9
953,9
954,9
955,8
956,8
957,8
958,11
959,10
960,9
961,9
962,14
963,10
964,8
965,8
966,10
967,9
968,10
969,10
970,10
971,10
972,10
973,11
974,9
975,9
976,10
977,9
978,10
979,10
980,10
981,9
982,8
983,9
984,10
985,10
986,12
987,10
988,9
989,9
990,10
991,10
992,9
993,10
994,12
995,9
996,9
997,9
998,9
999,8
1000,10
1001,9
1002,10
1003,11
1004,12
1005,14
1006,16
1007,11
1008,11
1009,28
1010,11
1011,10
1012,9
1013,9
1014,10
1015,10
1016,23
1017,10
1018,13
1019,9
1020,10
1021,10
1022,9
1023,12
1024,9
1025,11
1026,9
1027,10
1028,9
1029,9
1030,12
1031,26
1032,14
1033,9
1034,10
1035,15
1036,11
1037,14
1038,9
1039,10
1040,10
1041,12
1042,19
1043,17
1044,16
1045,13
1046,12
1047,14
1048,14
1049,14
1050,18
1051,8
1052,11
1053,46
1054,22
1055,54
1056,8
1057,48
1058,48
1059,35
1060,39
1061,52
1062,45
1063,38
1064,28
1065,65
1066,46
1067,60
1068,32
1069,51
1070,22
1071,35
1072,10
1073,34
1074,60
1075,54
1076,54
1077,59
1078,33
1079,10
1080,36
1081,33
1082,66
1083,41
1084,11
1085,43
1086,11
1087,39
1088,11
1089,41
1090,58
1091,54
1092,137
1093,99
1094,72
1095,9
1096,62
1097,52
1098,78
1099,9
1100,64
1101,44
1102,11
1103,40
1104,40
1105,55
1106,51
1107,9
1108,60
1109,58
1110,54
1111,12
1112,31
1113,51
1114,59
1115,52
1116,87
1117,73
1118,12
1119,12
1120,80
1121,52
1122,10
1123,58
1124,51
1125,27
1126,11
1127,29
1128,10
1129,56
1130,12
1131,31
1132,54
1133,11
1134,10
1135,30
1136,67
1137,26
1138,55
1139,52
1140,9
1141,31
1142,10
1143,10
1144,9
1145,10
1146,11
1147,10
1148,33
1149,36
1150,11
1151,8
1152,24
1153,44
1154,25
1155,12
1156,10
1157,29
1158,36
1159,33
1160,60
1161,9
1162,9
1163,52
1164,52
1165,12
1166,13
1167,10
1168,11
1169,9
1170,31
1171,10
1172,9
1173,9
1174,11
1175,9
1176,11
1177,10
1178,11
1179,9
1180,13
1181,10
1182,9
1183,9
1184,9
1185,12
1186,12
1187,12
1188,8
1189,10
1190,10
1191,12
1192,9
1193,11
1194,9
1195,9
1196,9
1197,14
1198,13
1199,9
1200,9
1201,9
1202,12
1203,13
1204,9
1205,8
1206,9
1207,9
1208,10
1209,11
1210,12
1211,10
1212,10
1213,10
1214,12
1215,28
1216,12
1217,8
1218,12
1219,10
1220,11
1221,17
1222,11
1223,15
1224,13
1225,10
1226,12
1227,10
1228,9
1229,13
1230,13
1231,10
1232,11
1233,11
1234,10
1235,12
1236,10
1237,10
1238,29
1239,10
1240,9
1241,11
1242,9
1243,12
1244,12
1245,9
1246,8
1247,12
1248,9
1249,11
1250,9
1251,10
1252,32
1253,9
1254,11
1255,10
1256,9
1257,14
1258,10
1259,12
1260,8
1261,34
1262,18
1263,18
1264,9
1265,12
1266,13
1267,23
1268,16
1269,11
1270,37
1271,38
1272,26
1273,24
1274,29
1275,34
1276,9
1277,28
1278,8
1279,8
1280,9
1281,8
1282,28
1283,32
1284,9
1285,27
1286,8
1287,8
1288,8
1289,32
1290,9
1291,10
1292,9
1293,9
1294,9
1295,19
1296,9
1297,39
1298,9
1299,28
1300,39
1301,40
1302,25
1303,19
1304,11
1305,9
1306,9
1307,47
1308,38
1309,9
1310,18
1311,20
1312,10
1313,21
1314,42
1315,21
1316,19
1317,10
1318,54
1319,8
1320,24
1321,39
1322,8
1323,17
1324,43
1325,36
1326,28
1327,8
1328,47
1329,29
1330,17
1331,9
1332,9
1333,19
1334,51
1335,12
1336,39
1337,10
1338,43
1339,11
1340,32
1341,18
1342,12
1343,10
1344,12
1345,41
1346,12
1347,9
1348,11
1349,40
1350,13
1351,22
1352,14
1353,37
1354,12
1355,9
1356,13
1357,13
1358,10
1359,41
1360,15
1361,18
1362,16
1363,11
1364,11
1365,15
1366,14
1367,19
1368,9
1369,15
1370,11
1371,9
1372,15
1373,10
1374,10
1375,12
1376,10
1377,9
1378,14
1379,14
1380,8
1381,10
1382,27
1383,21
1384,11
1385,9
1386,14
1387,23
1388,12
1389,9
1390,12
1391,8
1392,9
1393,10
1394,10
1395,13
1396,14
1397,9
1398,12
1399,11
1400,11
1401,13
1402,10
1403,9
1404,11
1405,10
1406,12
1407,9
1408,11
1409,28
1410,10
1411,12
1412,10
1413,12
1414,27
1415,22
1416,15
1417,27
1418,10
1419,13
1420,9
1421,12
1422,10
1423,17
1424,23
1425,14
1426,10
1427,10
1428,9
1429,9
1430,46
1431,17
1432,25
1433,13
1434,10
1435,17
1436,11
1437,10
1438,34
1439,14
1440,24
1441,18
1442,17
1443,28
1444,9
1445,28
1446,13
1447,25
1448,14
1449,28
1450,24
1451,18
1452,35
1453,9
1454,13
1455,36
1456,16
1457,10
1458,15
1459,19
1460,20
1461,9
1462,10
1463,31
1464,21
1465,11
1466,20
1467,9
1468,22
1469,32
1470,15
1471,14
1472,22
1473,16
1474,13
1475,11
1476,25
1477,38
1478,11
1479,13
1480,14
1481,13
1482,15
1483,15
1484,16
1485,24
1486,15
1487,16
1488,9
1489,13
1490,36
1491,10
1492,14
1493,20
1494,8
1495,15
1496,31
1497,19
1498,27
1499,13
1500,22
1501,12
1502,39
1503,10
1504,10
1505,10
1506,35
1507,26
1508,21
1509,15
1510,21
1511,22
1512,11
1513,13
1514,27
1515,26
1516,35
1517,12
1518,30
1519,20
1520,21
1521,11
1522,46
1523,28
1524,24
1525,23
1526,18
1527,11
1528,24
1529,23
1530,11
1531,95
1532,24
1533,15
1534,36
1535,17
1536,15
1537,18
1538,16
1539,13
1540,13
1541,41
1542,10
1543,18
1544,34
1545,20
1546,14
1547,11
1548,10
1549,16
1550,10
1551,26
1552,22
1553,24
1554,14
1555,9
1556,22
1557,10
1558,18
1559,19
1560,10
1561,12
1562,22
1563,26
1564,13
1565,27
1566,11
1567,14
1568,31
1569,18
1570,13
1571,24
1572,42
1573,17
1574,26
1575,8
1576,41
1577,16
1578,16
1579,16
1580,58
1581,15
1582,11
1583,47
1584,38
1585,39
1586,29
1587,9
1588,13
1589,56
1590,15
1591,25
1592,13
1593,34
1594,14
1595,14
1596,9
1597,12
1598,8
1599,9
1600,11
1601,15
1602,10
1603,23
1604,28
1605,20
1606,41
1607,24
1608,12
1609,18
1610,12
1611,19
1612,9
1613,22
1614,13
1615,16
1616,22
1617,18
1618,25
1619,12
1620,42
1621,9
1622,12
1623,10
1624,12
1625,40
1626,9
1627,27
1628,13
1629,19
1630,13
1631,15
1632,27
1633,14
1634,29
1635,33
1636,23
1637,13
1638,17
1639,11
1640,15
1641,20
1642,13
1643,18
1644,21
1645,10
1646,11
1647,67
1648,37
1649,16
1650,24
1651,9
1652,11
1653,10
1654,22
1655,23
1656,21
1657,13
1658,19
1659,19
1660,15
1661,11
1662,32
1663,18
1664,14
1665,16
1666,13
1667,38
1668,15
1669,11
1670,48
1671,16
1672,11
1673,26
1674,30
1675,12
1676,20
1677,16
1678,16
1679,15
1680,9
1681,38
1682,27
1683,21
1684,51
1685,26
1686,18
1687,19
1688,11
1689,9
1690,18
1691,21
1692,19
1693,17
1694,11
1695,31
1696,14
1697,13
1698,10
1699,9
1700,31
1701,21
1702,14
1703,14
1704,28
1705,11
1706,21
1707,51
1708,13
1709,14
1710,30
1711,20
1712,15
1713,13
1714,23
1715,14
1716,15
1717,11
1718,13
1719,12
1720,19
1721,31
1722,10
1723,10
1724,14
1725,12
1726,10
1727,17
1728,35
1729,18
1730,13
1731,49
1732,20
1733,9
1734,39
1735,26
1736,40
1737,20
1738,26
1739,16
1740,11
1741,24
1742,20
1743,16
1744,25
1745,24
1746,15
1747,71
1748,18
1749,25
1750,16
1751,9
1752,27
1753,60
1754,24
1755,24
1756,58
1757,18
1758,23
1759,13
1760,21
1761,9
1762,15
1763,12
1764,11
1765,20
1766,36
1767,22
1768,27
1769,33
1770,21
1771,13
1772,19
1773,35
1774,21
1775,42
1776,11
1777,9
1778,32
1779,11
1780,21
1781,16
1782,21
1783,12
1784,13
1785,11
1786,27
1787,27
1788,10
1789,38
1790,58
1791,12
1792,19
1793,17
1794,9
1795,28
1796,33
1797,14
1798,15
1799,9
1800,14
1801,24
1802,9
1803,18
1804,33
1805,13
1806,15
1807,23
1808,11
1809,11
1810,13
1811,16
1812,10
1813,17
1814,53
1815,12
1816,14
1817,21
1818,29
1819,38
1820,21
1821,14
1822,8
1823,10
1824,10
1825,17
1826,21
1827,22
1828,21
1829,27
1830,20
1831,19
1832,15
1833,28
1834,10
1835,19
1836,13
1837,9
1838,10
1839,10
1840,9
1841,12
1842,9
1843,12
1844,9
1845,11
1846,13
1847,8
1848,9
1849,9
1850,14
1851,11
1852,19
1853,11
1854,10
1855,13
1856,13
1857,11
1858,9
1859,8
1860,9
1861,17
1862,33
1863,12
1864,8
1865,10
1866,25
1867,13
1868,9
1869,9
1870,11
1871,9
1872,10
1873,13
1874,9
1875,26
1876,13
1877,8
1878,10
1879,13
1880,10
1881,10
1882,11
1883,10
1884,17
1885,9
1886,9
1887,15
1888,9
1889,14
1890,11
1891,12
1892,18
1893,9
1894,10
1895,14
1896,10
1897,10
1898,15
1899,9
1900,11
1901,10
1902,11
1903,10
1904,9
1905,9
1906,9
1907,16
1908,10
1909,10
1910,9
1911,10
1912,20
1913,15
1914,27
1915,11
1916,10
1917,10
1918,11
1919,10
1920,15
1921,13
1922,10
1923,19
1924,14
1925,10
1926,10
1927,8
1928,10
1929,10
1930,8
1931,9
1932,10
1933,10
1934,8
1935,11
1936,9
1937,10
1938,9
1939,11
1940,10
1941,10
1942,10
1943,10
1944,11
1945,11
1946,10
1947,12
1948,8
1949,8
1950,16
1951,9
1952,8
1953,10
1954,11
1955,9
1956,10
1957,10
1958,16
1959,9
1960,11
1961,12
1962,16
1963,14
1964,9
1965,10
1966,9
1967,9
1968,11
1969,10
1970,13
1971,24
1972,16
1973,13
1974,15
1975,10
1976,8
1977,13
1978,8
1979,15
1980,24
1981,16
1982,10
1983,16
1984,9
1985,12
1986,21
1987,9
1988,12
1989,8
1990,18
1991,11
1992,14
1993,14
1994,15
1995,9
1996,12
1997,9
1998,13
1999,9
2000,10
2001,8
2002,10
2003,20
2004,10
2005,12
2006,10
2007,21
2008,11
2009,11
2010,14
2011,16
2012,15
2013,10
2014,37
2015,10
2016,10
2017,13
2018,12
2019,19
2020,14
2021,9
2022,11
2023,12
2024,10
2025,11
2026,9
2027,11
2028,14
2029,9
2030,23
2031,9
2032,11
2033,17
2034,14
2035,11
2036,10
2037,9
2038,18
2039,13
2040,8
2041,15
2042,9
2043,9
2044,10
2045,9
2046,10
2047,12
2048,10
2049,9
2050,15
2051,25
2052,10
2053,9
2054,10
2055,13
2056,13
2057,10
2058,10
2059,9
2060,18
2061,20
2062,20
2063,10
2064,12
2065,12
2066,15
2067,16
2068,16
2069,10
2070,9
2071,10
2072,10
2073,11
2074,9
2075,10
2076,11
2077,34
2078,8
2079,11
2080,10
2081,12
2082,9
2083,17
2084,9
2085,25
2086,14
2087,30
2088,13
2089,10
2090,9
2091,14
2092,10
2093,28
2094,11
2095,9
2096,13
2097,13
2098,20
2099,9
2100,10
2101,11
2102,14
2103,15
2104,18
2105,9
2106,9
2107,9
2108,11
2109,10
2110,10
2111,10
2112,11
2113,9
2114,15
2115,13
2116,11
2117,10
2118,31
2119,17
2120,26
2121,11
2122,8
2123,9
2124,8
2125,10
2126,10
2127,29
2128,10
2129,11
2130,16
2131,16
2132,9
2133,11
2134,13
2135,9
2136,15
2137,12
2138,22
2139,9
2140,17
2141,10
2142,9
2143,11
2144,11
2145,11
2146,9
2147,9
2148,11
2149,12
2150,10
2151,9
2152,9
2153,10
2154,12
2155,22
2156,13
2157,9
2158,12
2159,15
2160,17
2161,10
2162,13
2163,11
2164,17
2165,13
2166,9
2167,9
2168,10
2169,28
2170,10
2171,10
2172,13
2173,12
2174,9
2175,16
2176,13
2177,11
2178,17
2179,9
2180,24
2181,16
2182,9
2183,10
2184,8
2185,9
2186,17
2187,12
2188,9
2189,27
2190,9
2191,10
2192,13
2193,15
2194,10
2195,9
2196,12
2197,10
2198,8
2199,18
2200,10
2201,9
2202,10
2203,12
2204,15
2205,10
2206,11
2207,11
2208,15
2209,16
2210,12
2211,14
2212,10
2213,10
2214,9
2215,14
2216,9
2217,10
2218,10
2219,8
2220,9
2221,10
2222,10
2223,21
2224,11
2225,8
2226,17
2227,9
2228,33
2229,10
2230,14
2231,8
2232,11
2233,34
2234,9
2235,13
2236,9
2237,8
2238,13
2239,24
2240,9
2241,11
2242,9
2243,9
2244,9
2245,13
2246,10
2247,8
2248,8
2249,17
2250,12
2251,12
2252,11
2253,9
2254,21
2255,13
2256,8
2257,9
2258,11
2259,9
2260,14
2261,12
2262,21
2263,10
2264,8
2265,14
2266,20
2267,12
2268,11
2269,9
2270,12
2271,10
2272,10
2273,8
2274,15
2275,16
2276,12
2277,11
2278,10
2279,28
2280,11
2281,13
2282,14
2283,8
2284,10
2285,9
2286,9
2287,14
2288,15
2289,16
2290,12
2291,15
2292,14
2293,10
2294,8
2295,10
2296,13
2297,10
2298,21
2299,17
2300,9
2301,9
2302,12
2303,11
2304,21
2305,10
2306,15
2307,10
2308,14
2309,25
2310,13
2311,8
2312,8
2313,8
2314,11
2315,10
2316,28
2317,10
2318,10
2319,10
2320,26
2321,17
2322,10
2323,11
2324,8
2325,19
2326,13
2327,9
2328,10
2329,8
2330,9
2331,12
2332,8
2333,14
2334,32
2335,10
2336,10
2337,8
2338,9
2339,13
2340,8
2341,10
2342,18
2343,22
2344,24
2345,18
2346,9
2347,16
2348,10
2349,9
2350,10
2351,11
2352,8
2353,10
2354,8
2355,8
2356,9
2357,10
2358,10
2359,9
2360,9
2361,15
2362,9
2363,9
2364,16
2365,9
2366,9
2367,11
2368,12
2369,12
2370,11
2371,10
2372,17
2373,11
2374,17
2375,9
2376,11
2377,14
2378,25
2379,10
2380,9
2381,10
2382,10
2383,9
2384,12
2385,10
2386,9
2387,16
2388,10
2389,10
2390,15
2391,13
2392,14
2393,11
2394,18
2395,10
2396,19
2397,8
2398,10
2399,9
2400,15
2401,20
2402,10
2403,13
2404,11
2405,13
2406,10
2407,15
2408,9
2409,10
2410,12
2411,13
2412,8
2413,11
2414,15
2415,13
2416,15
2417,9
2418,10
2419,17
2420,18
2421,10
2422,10
2423,10
2424,9
2425,9
2426,12
2427,14
2428,11
2429,9
2430,10
2431,10
2432,9
2433,10
2434,10
2435,15
2436,10
2437,8
2438,9
2439,11
2440,24
2441,13
2442,11
2443,13
2444,31
2445,14
2446,9
2447,12
2448,12
2449,13
2450,9
2451,14
2452,10
2453,10
2454,9
2455,10
2456,9
2457,18
2458,10
2459,15
2460,10
2461,15
2462,13
2463,9
2464,10
2465,36
2466,11
2467,10
2468,10
2469,10
2470,9
2471,9
2472,10
2473,8
2474,19
2475,9
2476,18
2477,12
2478,18
2479,12
2480,8
2481,11
2482,10
2483,11
2484,17
2485,9
2486,8
2487,10
2488,28
2489,11
2490,18
2491,13
2492,20
2493,9
2494,13
2495,10
2496,9
2497,10
2498,20
2499,9
2500,9
2501,10
2502,11
2503,8
2504,10
2505,8
2506,9
2507,22
2508,8
2509,10
2510,19
2511,10
2512,11
2513,19
2514,10
2515,11
2516,9
2517,10
2518,21
2519,9
2520,9
2521,17
2522,10
2523,19
2524,10
2525,10
2526,9
2527,15
2528,19
2529,9
2530,10
2531,10
2532,10
2533,10
2534,16
2535,9
2536,9
2537,10
2538,12
2539,9
2540,13
2541,17
2542,10
2543,9
2544,9
2545,23
2546,9
2547,13
2548,10
2549,9
2550,9
2551,9
2552,10
2553,9
2554,9
2555,8
2556,8
2557,10
2558,10
2559,9
2560,9
2561,14
2562,11
2563,10
2564,9
2565,11
2566,10
2567,14
2568,9
2569,9
2570,17
2571,9
2572,12
2573,17
2574,10
2575,19
2576,8
2577,11
2578,10
2579,12
2580,12
2581,11
2582,8
2583,10
2584,9
2585,23
2586,10
2587,9
2588,13
2589,10
2590,16
2591,11
2592,9
2593,10
2594,9
2595,11
2596,9
2597,12
2598,10
2599,11
2600,10
2601,9
2602,8
2603,14
2604,9
2605,11
2606,11
2607,10
2608,10
2609,10
2610,8
2611,9
2612,10
2613,8
2614,10
2615,17
2616,14
2617,13
2618,10
2619,10
2620,10
2621,16
2622,18
2623,13
2624,11
2625,10
2626,10
2627,11
2628,8
2629,10
2630,9
2631,9
2632,10
2633,10
2634,16
2635,16
2636,8
2637,10
2638,10
2639,9
2640,11
2641,10
2642,9
2643,10
2644,10
2645,11
2646,9
2647,15
2648,10
2649,8
2650,8
2651,12
2652,10
2653,9
2654,11
2655,10
2656,9
2657,10
2658,8
2659,10
2660,13
2661,9
2662,12
2663,9
2664,11
2665,9
2666,9
2667,9
2668,26
2669,10
2670,9
2671,12
2672,10
2673,11
2674,10
2675,17
2676,10
2677,12
2678,10
2679,12
2680,8
2681,8
2682,10
2683,10
2684,10
2685,9
2686,9
2687,9
2688,10
2689,9
2690,10
2691,10
2692,10
2693,9
2694,10
2695,9
2696,12
2697,19
2698,11
2699,19
2700,10
2701,9
2702,16
2703,10
2704,10
2705,8
2706,10
2707,11
2708,9
2709,14
2710,9
2711,10
2712,10
2713,10
2714,10
2715,11
2716,11
2717,13
2718,10
2719,20
2720,9
2721,11
2722,14
2723,17
2724,21
2725,8
2726,15
2727,11
2728,9
2729,14
2730,10
2731,15
2732,13
2733,10
2734,19
2735,10
2736,10
2737,9
2738,10
2739,9
2740,9
2741,10
2742,9
2743,12
2744,9
2745,10
2746,9
2747,9
2748,10
2749,10
2750,12
2751,10
2752,9
2753,15
2754,10
2755,9
2756,10
2757,10
2758,8
2759,9
2760,18
2761,19
2762,9
2763,8
2764,10
2765,9
2766,8
2767,9
2768,9
2769,9
2770,9
2771,9
2772,10
2773,9
2774,11
2775,9
2776,10
2777,14
2778,9
2779,19
2780,9
2781,14
2782,19
2783,11
2784,9
2785,10
2786,10
2787,11
2788,10
2789,10
2790,17
2791,13
2792,9
2793,10
2794,10
2795,9
2796,8
2797,10
2798,9
2799,9
2800,10
2801,9
2802,9
2803,9
2804,10
2805,8
2806,10
2807,16
2808,13
2809,10
2810,12
2811,13
2812,16
2813,10
2814,9
2815,10
2816,8
2817,11
2818,11
2819,12
2820,9
2821,19
2822,8
2823,14
2824,9
2825,9
2826,22
2827,12
2828,26
2829,17
2830,9
2831,15
2832,10
2833,9
2834,23
2835,9
2836,9
2837,10
2838,9
2839,9
2840,10
2841,10
2842,13
2843,9
2844,10
2845,17
2846,9
2847,16
2848,9
2849,10
2850,12
2851,9
2852,14
2853,8
2854,8
2855,10
2856,9
2857,12
2858,8
2859,13
2860,8
2861,19
2862,9
2863,10
2864,10
2865,9
2866,9
2867,11
2868,10
2869,11
2870,21
2871,11
2872,14
2873,10
2874,10
2875,8
2876,14
2877,10
2878,10
2879,11
2880,10
2881,10
2882,9
2883,10
2884,9
2885,10
2886,21
2887,9
2888,20
2889,13
2890,11
2891,11
2892,13
2893,10
2894,9
2895,9
2896,9
2897,13
2898,10
2899,9
2900,17
2901,9
2902,9
2903,10
2904,21
2905,10
2906,20
2907,10
2908,11
2909,16
2910,9
2911,10
2912,10
2913,10
2914,25
2915,9
2916,12
2917,15
2918,11
2919,10
2920,14
2921,10
2922,10
2923,8
2924,10
2925,11
2926,10
2927,14
2928,11
2929,11
2930,10
2931,11
2932,17
2933,15
2934,10
2935,10
2936,20
2937,10
2938,10
2939,9
2940,11
2941,18
2942,9
2943,9
2944,8
2945,10
2946,9
2947,9
2948,10
2949,10
2950,9
2951,9
2952,13
2953,9
2954,9
2955,16
2956,25
2957,10
2958,18
2959,13
2960,13
2961,11
2962,19
2963,8
2964,9
2965,10
2966,11
2967,9
2968,14
2969,15
2970,24
2971,9
2972,10
2973,8
2974,10
2975,15
2976,13
2977,10
2978,9
2979,16
2980,8
2981,8
2982,9
2983,17
2984,13
2985,9
2986,10
2987,10
2988,10
2989,9
2990,10
2991,9
2992,9
2993,9
2994,12
2995,14
2996,9
2997,20
2998,10
2999,10
3000,8
3001,28
3002,19
3003,14
3004,9
3005,11
3006,9
3007,26
3008,19
3009,13
3010,9
3011,8
3012,10
3013,11
3014,10
3015,10
3016,17
3017,8
3018,9
3019,8
3020,9
3021,16
3022,10
3023,10
3024,8
3025,18
3026,9
3027,11
3028,15
3029,16
3030,10
3031,8
3032,10
3033,13
3034,10
3035,11
3036,10
3037,10
3038,10
3039,10
3040,32
3041,10
3042,17
3043,8
3044,19
3045,10
3046,10
3047,8
3048,9
3049,11
3050,10
3051,9
3052,17
3053,21
3054,10
3055,10
3056,10
3057,14
3058,10
3059,8
3060,10
3061,10
3062,10
3063,10
3064,16
3065,21
3066,8
3067,22
3068,10
3069,8
3070,10
3071,10
3072,22
3073,15
3074,24
3075,8
3076,10
3077,10
3078,10
3079,14
3080,9
3081,12
3082,9
3083,10
3084,9
3085,11
3086,8
3087,11
3088,18
3089,23
3090,14
3091,8
3092,8
3093,11
3094,14
3095,12
3096,10
3097,22
3098,17
3099,10
3100,11
3101,10
3102,9
3103,9
3104,10
3105,9
3106,11
3107,10
3108,11
3109,9
3110,10
3111,10
3112,9
3113,10
3114,8
3115,10
3116,13
3117,11
3118,10
3119,9
3120,13
3121,11
3122,8
3123,23
3124,9
3125,9
3126,9
3127,19
3128,17
3129,9
3130,8
3131,9
3132,9
3133,11
3134,9
3135,14
3136,8
3137,14
3138,10
3139,11
3140,9
3141,10
3142,12
3143,8
3144,9
3145,12
3146,9
3147,10
3148,25
3149,11
3150,10
3151,10
3152,11
3153,9
3154,8
3155,29
3156,9
3157,9
3158,9
3159,12
3160,9
3161,10
3162,11
3163,9
3164,8
3165,8
3166,9
3167,10
3168,11
3169,9
3170,10
3171,10
3172,11
3173,10
3174,20
3175,9
3176,9
3177,9
3178,10
3179,10
3180,9
3181,10
3182,9
3183,9
3184,10
3185,15
3186,9
3187,10
3188,10
3189,10
3190,10
3191,11
3192,9
3193,10
3194,9
3195,10
3196,10
3197,12
3198,9
3199,9
3200,10
3201,12
3202,18
3203,10
3204,8
3205,9
3206,10
3207,17
3208,12
3209,10
3210,10
3211,10
3212,9
3213,8
3214,11
3215,9
3216,13
3217,10
3218,19
3219,32
3220,13
3221,10
3222,12
3223,8
3224,10
3225,9
3226,15
3227,10
3228,8
3229,12
3230,9
3231,13
3232,12
3233,16
3234,14
3235,14
3236,8
3237,10
3238,11
3239,12
3240,9
3241,9
3242,10
3243,10
3244,10
3245,10
3246,10
3247,9
3248,10
3249,17
3250,10
3251,15
3252,9
3253,10
3254,18
3255,9
3256,9
3257,8
3258,9
3259,16
3260,17
3261,10
3262,9
3263,11
3264,14
3265,22
3266,8
3267,17
3268,16
3269,12
3270,13
3271,9
3272,9
3273,9
3274,9
3275,9
3276,8
3277,10
3278,9
3279,9
3280,8
3281,14
3282,9
3283,10
3284,10
3285,8
3286,9
3287,10
3288,12
3289,9
3290,11
3291,9
3292,9
3293,9
3294,9
3295,9
3296,8
3297,13
3298,11
3299,40
3300,10
3301,13
3302,10
3303,9
3304,9
3305,12
3306,10
3307,8
3308,9
3309,17
3310,25
3311,9
3312,10
3313,8
3314,9
3315,9
3316,13
3317,23
3318,8
3319,10
3320,10
3321,9
3322,9
3323,10
3324,9
3325,9
3326,26
3327,10
3328,10
3329,10
3330,9
3331,8
3332,11
3333,10
3334,19
3335,16
3336,10
3337,15
3338,9
3339,9
3340,9
3341,9
3342,11
3343,10
3344,21
3345,10
3346,9
3347,10
3348,9
3349,10
3350,10
3351,9
3352,10
3353,10
3354,15
3355,10
3356,9
3357,24
3358,10
3359,10
3360,8
3361,9
3362,10
3363,10
3364,10
3365,9
3366,24
3367,10
3368,14
3369,10
3370,9
3371,15
3372,30
3373,10
3374,8
3375,28
3376,8
3377,9
3378,20
3379,10
3380,16
3381,13
3382,9
3383,10
3384,9
3385,14
3386,14
3387,8
3388,12
3389,9
3390,17
3391,9
3392,10
3393,18
3394,8
3395,12
3396,9
3397,10
3398,8
3399,14
3400,10
3401,10
3402,9
3403,10
3404,20
3405,12
3406,10
3407,18
3408,10
3409,10
3410,8
3411,16
3412,9
3413,32
3414,9
3415,10
3416,9
3417,14
3418,8
3419,11
3420,9
3421,19
3422,9
3423,8
3424,18
3425,10
3426,11
3427,10
3428,10
3429,10
3430,10
3431,10
3432,9
3433,10
3434,8
3435,9
3436,9
3437,10
3438,10
3439,12
3440,10
3441,10
3442,9
3443,10
3444,13
3445,10
3446,9
3447,8
3448,13
3449,10
3450,13
3451,8
3452,10
3453,9
3454,10
3455,8
3456,8
3457,9
3458,14
3459,9
3460,9
3461,9
3462,10
3463,8
3464,9
3465,9
3466,10
3467,11
3468,18
3469,16
3470,9
3471,14
3472,8
3473,10
3474,8
3475,10
3476,16
3477,23
3478,12
3479,21
3480,10
3481,10
3482,10
3483,8
3484,9
3485,11
3486,13
3487,10
3488,10
3489,9
3490,10
3491,10
3492,12
3493,11
3494,10
3495,15
3496,14
3497,17
3498,10
3499,9
3500,10
3501,10
3502,9
3503,9
3504,12
3505,8
3506,27
3507,11
3508,14
3509,11
3510,8
3511,10
3512,10
3513,10
3514,9
3515,8
3516,13
3517,9
3518,13
3519,9
3520,14
3521,15
3522,9
3523,9
3524,10
3525,10
3526,9
3527,10
3528,9
3529,11
3530,10
3531,10
3532,10
3533,9
3534,15
3535,18
3536,12
3537,10
3538,9
3539,11
3540,15
3541,9
3542,18
3543,10
3544,14
3545,8
3546,9
3547,17
3548,8
3549,11
3550,28
3551,10
3552,9
3553,12
3554,9
3555,9
3556,30
3557,14
3558,11
3559,8
3560,9
3561,10
3562,10
3563,10
3564,10
3565,8
3566,8
3567,10
3568,10
3569,10
3570,9
3571,8
3572,13
3573,10
3574,10
3575,10
3576,9
3577,9
3578,9
3579,9
3580,13
3581,9
3582,9
3583,9
3584,15
3585,24
3586,8
3587,13
3588,10
3589,10
3590,8
3591,10
3592,8
3593,10
3594,9
3595,10
3596,16
3597,10
3598,16
3599,10
3600,18
3601,23
3602,14
3603,9
3604,9
3605,8
3606,11
3607,9
3608,28
3609,9
3610,30
3611,16
3612,10
3613,9
3614,19
3615,9
3616,18
3617,15
3618,11
3619,8
3620,9
3621,9
3622,10
3623,10
3624,10
3625,9
3626,13
3627,9
3628,10
3629,9
3630,9
3631,10
3632,10
3633,8
3634,10
3635,18
3636,14
3637,11
3638,10
3639,9
3640,9
3641,19
3642,11
3643,8
3644,30
3645,10
3646,11
3647,9
3648,12
3649,10
3650,9
3651,12
3652,9
3653,11
3654,9
3655,10
3656,9
3657,10
3658,9
3659,10
3660,10
3661,10
3662,9
3663,8
3664,22
3665,9
3666,10
3667,8
3668,10
3669,9
3670,9
3671,11
3672,10
3673,9
3674,10
3675,10
3676,9
3677,22
3678,15
3679,9
3680,8
3681,10
3682,13
3683,10
3684,9
3685,15
3686,11
3687,8
3688,16
3689,12
3690,10
3691,14
3692,10
3693,10
3694,11
3695,9
3696,12
3697,17
3698,12
3699,11
3700,17
3701,9
3702,10
3703,9
3704,16
3705,10
3706,13
3707,9
3708,10
3709,12
3710,10
3711,13
3712,12
3713,9
3714,9
3715,16
3716,12
3717,9
3718,10
3719,10
3720,8
3721,9
3722,12
3723,10
3724,11
3725,14
3726,10
3727,10
3728,12
3729,11
3730,14
3731,10
3732,9
3733,9
3734,9
3735,14
3736,20
3737,17
3738,20
3739,14
3740,15
3741,11
3742,15
3743,9
3744,10
3745,17
3746,15
3747,19
3748,11
3749,20
3750,11
3751,14
3752,10
3753,21
3754,10
3755,10
3756,10
3757,18
3758,10
3759,9
3760,15
3761,17
3762,36
3763,8
3764,9
3765,10
3766,16
3767,9
3768,10
3769,8
3770,10
3771,20
3772,10
3773,11
3774,8
3775,10
3776,14
3777,10
3778,10
3779,9
3780,20
3781,14
3782,10
3783,12
3784,10
3785,9
3786,11
3787,9
3788,14
3789,10
3790,10
3791,10
3792,12
3793,9
3794,24
3795,8
3796,11
3797,16
3798,9
3799,11
3800,11
3801,10
3802,10
3803,9
3804,16
3805,9
3806,11
3807,17
3808,15
3809,9
3810,9
3811,9
3812,10
3813,9
3814,9
3815,16
3816,12
3817,12
3818,8
3819,19
3820,20
3821,10
3822,12
3823,21
3824,14
3825,9
3826,10
3827,11
3828,52
3829,9
3830,12
3831,9
3832,10
3833,15
3834,9
3835,16
3836,12
3837,9
3838,10
3839,14
3840,14
3841,15
3842,15
3843,10
3844,19
3845,10
3846,10
3847,10
3848,8
3849,9
3850,11
3851,8
3852,27
3853,9
3854,10
3855,9
3856,9
3857,22
3858,10
3859,20
3860,11
3861,10
3862,10
3863,12
3864,9
3865,10
3866,9
3867,10
3868,9
3869,10
3870,14
3871,16
3872,10
3873,11
3874,10
3875,17
3876,9
3877,15
3878,9
3879,14
3880,10
3881,9
3882,10
3883,8
3884,9
3885,9
3886,9
3887,14
3888,16
3889,14
3890,9
3891,9
3892,10
3893,8
3894,10
3895,10
3896,8
3897,10
3898,10
3899,9
3900,10
3901,9
3902,17
3903,9
3904,9
3905,9
3906,12
3907,13
3908,10
3909,12
3910,10
3911,16
3912,10
3913,9
3914,10
3915,8
3916,9
3917,23
3918,17
3919,11
3920,10
3921,14
3922,13
3923,17
3924,9
3925,10
3926,10
3927,8
3928,10
3929,10
3930,10
3931,21
3932,11
3933,13
3934,10
3935,9
3936,9
3937,10
3938,9
3939,16
3940,11
3941,13
3942,10
3943,9
3944,21
3945,10
3946,10
3947,17
3948,8
3949,9
3950,13
3951,9
3952,15
3953,26
3954,11
3955,11
3956,9
3957,13
3958,10
3959,33
3960,16
3961,13
3962,8
3963,11
3964,18
3965,9
3966,8
3967,10
3968,19
3969,15
3970,10
3971,11
3972,9
3973,9
3974,19
3975,10
3976,17
3977,16
3978,18
3979,17
3980,11
3981,8
3982,16
3983,14
3984,10
3985,12
3986,8
3987,9
3988,10
3989,9
3990,10
3991,12
3992,13
3993,11
3994,12
3995,24
3996,10
3997,9
3998,9
3999,16
4000,10
4001,13
4002,14
4003,14
4004,10
4005,9
4006,10
4007,11
4008,10
4009,10
4010,8
4011,8
4012,13
4013,10
4014,9
4015,20
4016,8
4017,15
4018,12
4019,12
4020,9
4021,8
4022,10
4023,8
4024,25
4025,10
4026,22
4027,20
4028,10
4029,8
4030,10
4031,10
4032,9
4033,10
4034,9
4035,9
4036,10
4037,9
4038,10
4039,10
4040,9
4041,11
4042,9
4043,9
4044,10
4045,10
4046,9
4047,10
4048,32
4049,11
4050,12
4051,10
4052,9
4053,8
4054,9
4055,10
4056,8
4057,9
4058,12
4059,15
4060,13
4061,9
4062,11
4063,16
4064,10
4065,19
4066,8
4067,9
4068,10
4069,8
4070,41
4071,13
4072,13
4073,10
4074,9
4075,10
4076,10
4077,8
4078,24
4079,9
4080,9
4081,10
4082,10
4083,10
4084,10
4085,10
4086,8
4087,16
4088,9
4089,16
4090,19
4091,27
4092,9
4093,12
4094,16
4095,8
4096,10
4097,9
4098,10
4099,9
4100,8
4101,9
4102,10
4103,11
4104,10
4105,13
4106,10
4107,9
4108,14
4109,10
4110,10
4111,10
4112,10
4113,15
4114,10
4115,11
4116,10
4117,10
4118,11
4119,14
4120,15
4121,12
4122,10
4123,9
4124,8
4125,11
4126,10
4127,9
4128,17
4129,9
4130,10
4131,9
4132,8
4133,12
4134,9
4135,17
4136,10
4137,16
4138,12
4139,15
4140,9
4141,11
4142,10
4143,9
4144,8
4145,13
4146,9
4147,14
4148,11
4149,9
4150,12
4151,10
4152,9
4153,10
4154,11
4155,12
4156,11
4157,10
4158,13
4159,8
4160,9
4161,10
4162,9
4163,10
4164,10
4165,10
4166,11
4167,8
4168,9
4169,12
4170,9
4171,17
4172,13
4173,12
4174,8
4175,12
4176,8
4177,10
4178,10
4179,23
4180,16
4181,9
4182,8
4183,14
4184,10
4185,10
4186,12
4187,10
4188,10
4189,11
4190,27
4191,10
4192,19
4193,10
4194,10
4195,10
4196,11
4197,8
4198,16
4199,8
4200,10
4201,9
4202,9
4203,14
4204,12
4205,11
4206,12
4207,27
4208,11
4209,10
4210,8
4211,14
4212,8
4213,10
4214,8
4215,14
4216,10
4217,9
4218,11
4219,10
4220,18
4221,8
4222,9
4223,9
4224,10
4225,12
4226,13
4227,11
4228,11
4229,9
4230,21
4231,11
4232,9
4233,10
4234,10
4235,9
4236,9
4237,12
4238,10
4239,9
4240,10
4241,9
4242,10
4243,18
4244,29
4245,24
4246,10
4247,11
4248,8
4249,10
4250,10
4251,10
4252,10
4253,16
4254,40
4255,8
4256,10
4257,9
4258,14
4259,11
4260,9
4261,8
4262,9
4263,11
4264,10
4265,28
4266,10
4267,9
4268,14
4269,19
4270,10
4271,10
4272,15
4273,11
4274,10
4275,10
4276,8
4277,9
4278,10
4279,9
4280,12
4281,9
4282,10
4283,8
4284,10
4285,9
4286,9
4287,10
4288,9
4289,12
4290,10
4291,10
4292,15
4293,22
4294,18
4295,9
4296,8
4297,9
4298,13
4299,8
4300,11
4301,13
4302,9
4303,10
4304,13
4305,11
4306,11
4307,10
4308,10
4309,12
4310,10
4311,17
4312,21
4313,9
4314,15
4315,13
4316,14
4317,10
4318,10
4319,12
4320,8
4321,10
4322,8
4323,10
4324,13
4325,14
4326,10
4327,9
4328,10
4329,19
4330,10
4331,12
4332,9
4333,10
4334,10
4335,9
4336,9
4337,11
4338,26
4339,10
4340,10
4341,19
4342,14
4343,8
4344,13
4345,16
4346,13
4347,11
4348,19
4349,12
4350,10
4351,27
4352,10
4353,18
4354,20
4355,10
4356,9
4357,18
4358,10
4359,10
4360,10
4361,17
4362,12
4363,21
4364,13
4365,9
4366,9
4367,12
4368,17
4369,10
4370,10
4371,12
4372,9
4373,9
4374,10
4375,9
4376,10
4377,10
4378,8
4379,19
4380,10
4381,15
4382,9
4383,10
4384,11
4385,11
4386,15
4387,11
4388,10
4389,14
4390,14
4391,12
4392,15
4393,9
4394,10
4395,9
4396,11
4397,17
4398,14
4399,12
4400,9
4401,14
4402,28
4403,11
4404,15
4405,11
4406,16
4407,10
4408,9
4409,9
4410,10
4411,15
4412,11
4413,13
4414,9
4415,17
4416,20
4417,11
4418,15
4419,14
4420,12
4421,9
4422,10
4423,10
4424,22
4425,13
4426,15
4427,9
4428,17
4429,8
4430,27
4431,13
4432,15
4433,19
4434,9
4435,11
4436,10
4437,8
4438,8
4439,16
4440,10
4441,9
4442,10
4443,8
4444,15
4445,19
4446,10
4447,20
4448,13
4449,15
4450,16
4451,13
4452,9
4453,23
4454,20
4455,14
4456,10
4457,25
4458,12
4459,11
4460,10
4461,8
4462,9
4463,10
4464,33
4465,13
4466,9
4467,9
4468,9
4469,13
4470,22
4471,17
4472,13
4473,11
4474,16
4475,25
4476,13
4477,23
4478,15
4479,9
4480,9
4481,17
4482,18
4483,20
4484,10
4485,8
4486,9
4487,13
4488,9
4489,10
4490,10
4491,14
4492,11
4493,10
4494,45
4495,20
4496,10
4497,22
4498,59
4499,13
4500,10
4501,10
4502,9
4503,11
4504,9
4505,10
4506,12
4507,8
4508,11
4509,8
4510,15
4511,10
4512,17
4513,10
4514,9
4515,11
4516,9
4517,16
4518,13
4519,8
4520,10
4521,21
4522,8
4523,12
4524,10
4525,17
4526,10
4527,8
4528,11
4529,8
4530,10
4531,8
4532,18
4533,20
4534,19
4535,9
4536,9
4537,16
4538,10
4539,9
4540,13
4541,9
4542,9
4543,10
4544,12
4545,14
4546,11
4547,8
4548,17
4549,9
4550,19
4551,9
4552,10
4553,17
4554,9
4555,10
4556,15
4557,10
4558,9
4559,19
4560,11
4561,10
4562,9
4563,9
4564,14
4565,13
4566,9
4567,9
4568,10
4569,8
4570,8
4571,10
4572,10
4573,10
4574,12
4575,9
4576,9
4577,16
4578,10
4579,12
4580,10
4581,8
4582,11
4583,9
4584,20
4585,9
4586,15
4587,10
4588,8
4589,12
4590,10
4591,9
4592,15
4593,13
4594,10
4595,10
4596,15
4597,10
4598,10
4599,11
4600,10
4601,22
4602,8
4603,10
4604,9
4605,10
4606,12
4607,9
4608,8
4609,23
4610,38
4611,11
4612,9
4613,10
4614,9
4615,8
4616,11
4617,18
4618,11
4619,9
4620,9
4621,9
4622,12
4623,10
4624,11
4625,17
4626,14
4627,12
4628,10
4629,19
4630,10
4631,10
4632,11
4633,9
4634,11
4635,10
4636,10
4637,9
4638,15
4639,9
4640,22
4641,10
4642,14
4643,12
4644,16
4645,9
4646,10
4647,19
4648,9
4649,10
4650,18
4651,10
4652,25
4653,9
4654,16
4655,9
4656,15
4657,30
4658,11
4659,10
4660,9
4661,9
4662,19
4663,9
4664,9
4665,10
4666,15
4667,17
4668,16
4669,17
4670,19
4671,9
4672,10
4673,9
4674,13
4675,11
4676,21
4677,10
4678,8
4679,26
4680,9
4681,14
4682,8
4683,11
4684,10
4685,24
4686,13
4687,9
4688,10
4689,8
4690,11
4691,10
4692,13
4693,9
4694,8
4695,10
4696,9
4697,13
4698,8
4699,9
4700,14
4701,11
4702,9
4703,11
4704,9
4705,9
4706,16
4707,11
4708,10
4709,10
4710,8
4711,10
4712,10
4713,9
4714,10
4715,9
4716,9
4717,14
4718,18
4719,12
4720,23
4721,10
4722,10
4723,9
4724,9
4725,9
4726,10
4727,9
4728,14
4729,15
4730,10
4731,9
4732,10
4733,10
4734,11
4735,16
4736,12
4737,13
4738,10
4739,10
4740,9
4741,10
4742,9
4743,17
4744,20
4745,10
4746,12
4747,10
4748,17
4749,13
4750,9
4751,16
4752,11
4753,17
4754,10
4755,18
4756,10
4757,9
4758,12
4759,9
4760,11
4761,14
4762,19
4763,10
4764,10
4765,9
4766,28
4767,10
4768,15
4769,9
4770,14
4771,26
4772,9
4773,14
4774,10
4775,10
4776,31
4777,10
4778,19
4779,10
4780,13
4781,13
4782,9
4783,10
4784,8
4785,28
4786,10
4787,10
4788,9
4789,10
4790,20
4791,11
4792,18
4793,9
4794,22
4795,15
4796,11
4797,9
4798,18
4799,14
4800,16
4801,10
4802,22
4803,9
4804,13
4805,11
4806,10
4807,10
4808,15
4809,9
4810,9
4811,14
4812,9
4813,10
4814,9
4815,11
4816,8
4817,10
4818,9
4819,11
4820,10
4821,10
4822,13
4823,10
4824,10
4825,9
4826,9
4827,14
4828,9
4829,11
4830,9
4831,11
4832,11
4833,8
4834,13
4835,10
4836,14
4837,9
4838,13
4839,10
4840,10
4841,18
4842,9
4843,14
4844,29
4845,17
4846,13
4847,15
4848,18
4849,8
4850,11
4851,10
4852,31
4853,23
4854,9
4855,17
4856,11
4857,8
4858,10
4859,8
4860,9
4861,21
4862,10
4863,15
4864,9
4865,13
4866,15
4867,14
4868,10
4869,36
4870,13
4871,12
4872,10
4873,11
4874,10
4875,10
4876,13
4877,8
4878,9
4879,9
4880,14
4881,8
4882,9
4883,9
4884,9
4885,9
4886,11
4887,15
4888,9
4889,10
4890,10
4891,19
4892,17
4893,10
4894,11
4895,9
4896,10
4897,16
4898,9
4899,12
4900,10
4901,10
4902,9
4903,20
4904,10
4905,22
4906,8
4907,11
4908,9
4909,10
4910,10
4911,15
4912,10
4913,11
4914,10
4915,9
4916,14
4917,9
4918,10
4919,8
4920,17
4921,11
4922,8
4923,12
4924,8
4925,10
4926,10
4927,11
4928,16
4929,10
4930,10
4931,8
4932,13
4933,23
4934,9
4935,10
4936,12
4937,17
4938,9
4939,12
4940,20
4941,11
4942,10
4943,25
4944,12
4945,12
4946,11
4947,9
4948,17
4949,9
4950,22
4951,9
4952,19
4953,17
4954,24
4955,10
4956,8
4957,10
4958,10
4959,10
4960,11
4961,9
4962,10
4963,16
4964,10
4965,11
4966,17
4967,14
4968,10
4969,11
4970,17
4971,10
4972,10
4973,9
4974,16
4975,18
4976,10
4977,8
4978,11
4979,8
4980,13
4981,11
4982,10
4983,8
4984,11
4985,8
4986,11
4987,11
4988,10
4989,9
4990,10
4991,10
4992,11
4993,12
4994,10
4995,15
4996,20
4997,8
4998,10
4999,10
5000,10
5001,15
5002,15
5003,9
5004,14
5005,10
5006,8
5007,11
5008,10
5009,9
5010,13
5011,10
5012,17
5013,19
5014,15
5015,9
5016,12
5017,10
5018,23
5019,9
5020,10
5021,19
5022,9
5023,10
5024,10
5025,9
5026,8
5027,10
5028,11
5029,10
5030,14
5031,19
5032,10
5033,9
5034,17
5035,10
5036,16
5037,15
5038,9
5039,10
5040,10
5041,9
5042,22
5043,10
5044,9
5045,10
5046,24
5047,11
5048,23
5049,9
5050,23
5051,16
5052,9
5053,15
5054,12
5055,17
5056,12
5057,12
5058,29
5059,16
5060,12
5061,10
5062,17
5063,21
5064,22
5065,10
5066,9
5067,14
5068,9
5069,14
5070,10
5071,14
5072,10
5073,16
5074,10
5075,14
5076,10
5077,12
5078,8
5079,24
5080,9
5081,9
5082,18
5083,10
5084,9
5085,13
5086,16
5087,12
5088,32
5089,33
5090,20
5091,14
5092,12
5093,9
5094,10
5095,13
5096,10
5097,8
5098,18
5099,9
5100,12
5101,11
5102,14
5103,10
5104,9
5105,10
5106,10
5107,21
5108,12
5109,13
5110,10
5111,9
5112,9
5113,10
5114,10
5115,11
5116,14
5117,14
5118,16
5119,15
5120,17
5121,10
5122,9
5123,20
5124,12
5125,17
5126,16
5127,29
5128,9
5129,10
5130,9
5131,10
5132,11
5133,10
5134,10
5135,16
5136,19
5137,30
5138,8
5139,22
5140,14
5141,16
5142,10
5143,9
5144,10
5145,8
5146,10
5147,9
5148,9
5149,9
5150,9
5151,18
5152,9
5153,9
5154,8
5155,9
5156,23
5157,12
5158,10
5159,34
5160,20
5161,9
5162,19
5163,27
5164,10
5165,9
5166,20
5167,11
5168,11
5169,10
5170,23
5171,9
5172,15
5173,10
5174,10
5175,8
5176,14
5177,19
5178,25
5179,13
5180,11
5181,9
5182,9
5183,26
5184,9
5185,9
5186,16
5187,21
5188,10
5189,9
5190,20
5191,11
5192,10
5193,9
5194,12
5195,13
5196,10
5197,12
5198,16
5199,12
5200,14
5201,12
5202,26
5203,23
5204,10
5205,14
5206,9
5207,13
5208,11
5209,10
5210,16
5211,12
5212,8
5213,8
5214,9
5215,10
5216,9
5217,9
5218,12
5219,9
5220,13
5221,17
5222,9
5223,11
5224,10
5225,15
5226,25
5227,8
5228,19
5229,16
5230,9
5231,20
5232,18
5233,8
5234,11
5235,9
5236,19
5237,12
5238,9
5239,11
5240,21
5241,13
5242,19
5243,18
5244,24
5245,25
5246,9
5247,10
5248,19
5249,23
5250,10
5251,10
5252,13
5253,10
5254,9
5255,24
5256,8
5257,9
5258,9
5259,10
5260,14
5261,13
5262,8
5263,25
5264,10
5265,11
5266,11
5267,12
5268,10
5269,10
5270,10
5271,10
5272,16
5273,9
5274,10
5275,17
5276,13
5277,13
5278,14
5279,10
5280,9
5281,19
5282,13
5283,12
5284,15
5285,38
5286,24
5287,23
5288,9
5289,11
5290,11
5291,11
5292,13
5293,16
5294,14
5295,9
5296,25
5297,10
5298,10
5299,9
5300,10
5301,13
5302,10
5303,10
5304,10
5305,9
5306,9
5307,15
5308,19
5309,8
5310,9
5311,8
5312,9
5313,10
5314,9
5315,8
5316,9
5317,13
5318,16
5319,14
5320,10
5321,11
5322,9
5323,13
5324,20
5325,9
5326,10
5327,8
5328,9
5329,10
5330,9
5331,10
5332,9
5333,10
5334,12
5335,15
5336,8
5337,11
5338,9
5339,10
5340,12
5341,8
5342,19
5343,9
5344,12
5345,10
5346,15
5347,9
5348,10
5349,10
5350,9
5351,10
5352,10
5353,11
5354,9
5355,12
5356,9
5357,9
5358,18
5359,10
5360,9
5361,10
5362,8
5363,9
5364,14
5365,20
5366,16
5367,12
5368,25
5369,9
5370,10
5371,11
5372,10
5373,8
5374,15
5375,19
5376,16
5377,9
5378,8
5379,16
5380,11
5381,8
5382,9
5383,12
5384,11
5385,9
5386,10
5387,13
5388,10
5389,11
5390,10
5391,15
5392,9
5393,9
5394,11
5395,13
5396,9
5397,9
5398,10
5399,8
5400,20
5401,11
5402,10
5403,11
5404,10
5405,9
5406,10
5407,10
5408,9
5409,8
5410,14
5411,13
5412,10
5413,10
5414,11
5415,10
5416,14
5417,9
5418,9
5419,11
5420,10
5421,9
5422,9
5423,15
5424,8
5425,15
5426,17
5427,11
5428,23
5429,11
5430,11
5431,9
5432,9
5433,15
5434,16
5435,9
5436,11
5437,10
5438,9
5439,11
5440,9
5441,9
5442,10
5443,18
5444,10
5445,24
5446,10
5447,20
5448,15
5449,9
5450,9
5451,10
5452,12
5453,10
5454,20
5455,10
5456,10
5457,9
5458,12
5459,12
5460,9
5461,9
5462,9
5463,9
5464,10
5465,8
5466,8
5467,10
5468,11
5469,9
5470,9
5471,10
5472,10
5473,9
5474,11
5475,14
5476,12
5477,14
5478,9
5479,10
5480,9
5481,9
5482,9
5483,8
5484,16
5485,14
5486,9
5487,14
5488,10
5489,14
5490,10
5491,9
5492,8
5493,12
5494,9
5495,10
5496,13
5497,16
5498,11
5499,18
5500,9
5501,10
5502,10
5503,8
5504,9
5505,10
5506,16
5507,9
5508,10
5509,9
5510,10
5511,10
5512,9
5513,10
5514,14
5515,15
5516,15
5517,12
5518,9
5519,9
5520,9
5521,9
5522,13
5523,10
5524,9
5525,14
5526,21
5527,9
5528,10
5529,13
5530,10
5531,11
5532,9
5533,10
5534,10
5535,11
5536,10
5537,8
5538,10
5539,9
5540,11
5541,9
5542,11
5543,9
5544,8
5545,15
5546,10
5547,12
5548,16
5549,10
5550,13
5551,9
5552,10
5553,9
5554,15
5555,14
5556,11
5557,9
5558,19
5559,13
5560,10
5561,20
5562,9
5563,10
5564,11
5565,9
5566,11
5567,8
5568,10
5569,10
5570,9
5571,13
5572,11
5573,10
5574,10
5575,8
5576,10
5577,10
5578,9
5579,16
5580,10
5581,17
5582,9
5583,8
5584,9
5585,9
5586,9
5587,17
5588,11
5589,9
5590,32
5591,10
5592,9
5593,10
5594,8
5595,9
5596,10
5597,9
5598,20
5599,13
5600,20
5601,11
5602,11
5603,10
5604,8
5605,15
5606,10
5607,9
5608,10
5609,9
5610,10
5611,24
5612,9
5613,9
5614,10
5615,11
5616,10
5617,12
5618,10
5619,11
5620,9
5621,10
5622,12
5623,9
5624,9
5625,14
5626,10
5627,9
5628,10
5629,8
5630,10
5631,10
5632,10
5633,11
5634,9
5635,12
5636,9
5637,9
5638,14
5639,9
5640,20
5641,12
5642,10
5643,11
5644,8
5645,9
5646,10
5647,9
5648,11
5649,18
5650,17
5651,11
5652,10
5653,9
5654,19
5655,10
5656,9
5657,17
5658,10
5659,17
5660,9
5661,14
5662,22
5663,10
5664,10
5665,30
5666,16
5667,8
5668,8
5669,9
5670,10
5671,13
5672,11
5673,10
5674,9
5675,8
5676,9
5677,8
5678,9
5679,14
5680,10
5681,10
5682,10
5683,11
5684,10
5685,14
5686,11
5687,10
5688,9
5689,13
5690,10
5691,9
5692,10
5693,10
5694,28
5695,18
5696,15
5697,10
5698,17
5699,8
5700,10
5701,10
5702,10
5703,10
5704,10
5705,9
5706,9
5707,9
5708,8
5709,13
5710,9
5711,10
5712,18
5713,17
5714,10
5715,13
5716,9
5717,10
5718,9
5719,9
5720,9
5721,10
5722,18
5723,9
5724,9
5725,9
5726,10
5727,10
5728,13
5729,9
5730,10
5731,10
5732,21
5733,11
5734,10
5735,13
5736,9
5737,10
5738,13
5739,9
5740,10
5741,10
5742,34
5743,8
5744,10
5745,9
5746,11
5747,10
5748,10
5749,9
5750,10
5751,9
5752,9
5753,10
5754,8
5755,10
5756,21
5757,9
5758,14
5759,10
5760,10
5761,16
5762,13
5763,11
5764,8
5765,16
5766,9
5767,10
5768,9
5769,10
5770,8
5771,13
5772,9
5773,9
5774,10
5775,9
5776,9
5777,13
5778,16
5779,8
5780,13
5781,12
5782,9
5783,32
5784,18
5785,14
5786,11
5787,10
5788,10
5789,10
5790,10
5791,8
5792,9
5793,10
5794,22
5795,9
5796,10
5797,10
5798,9
5799,8
5800,8
5801,8
5802,10
5803,11
5804,13
5805,10
5806,13
5807,8
5808,9
5809,8
5810,11
5811,10
5812,10
5813,20
5814,8
5815,13
5816,11
5817,10
5818,10
5819,9
5820,8
5821,10
5822,10
5823,9
5824,9
5825,10
5826,9
5827,8
5828,8
5829,14
5830,11
5831,9
5832,11
5833,28
5834,16
5835,13
5836,10
5837,10
5838,10
5839,10
5840,11
5841,10
5842,26
5843,10
5844,10
5845,11
5846,10
5847,9
5848,9
5849,11
5850,10
5851,9
5852,10
5853,13
5854,9
5855,9
5856,10
5857,10
5858,10
5859,14
5860,11
5861,11
5862,20
5863,17
5864,25
5865,9
5866,9
5867,9
5868,9
5869,11
5870,10
5871,10
5872,13
5873,8
5874,14
5875,10
5876,10
5877,10
5878,20
5879,13
5880,14
5881,9
5882,9
5883,9
5884,8
5885,10
5886,16
5887,9
5888,10
5889,26
5890,20
5891,11
5892,8
5893,9
5894,10
5895,12
5896,14
5897,17
5898,16
5899,12
5900,11
5901,12
5902,10
5903,18
5904,12
5905,10
5906,10
5907,13
5908,10
5909,10
5910,9
5911,10
5912,9
5913,10
5914,30
5915,12
5916,10
5917,10
5918,8
5919,12
5920,11
5921,10
5922,11
5923,11
5924,9
5925,13
5926,18
5927,11
5928,19
5929,9
5930,8
5931,9
5932,9
5933,17
5934,16
5935,10
5936,10
5937,8
5938,12
5939,16
5940,15
5941,18
5942,9
5943,19
5944,11
5945,10
5946,8
5947,9
5948,13
5949,14
5950,13
5951,18
5952,8
5953,19
5954,11
5955,11
5956,9
5957,9
5958,9
5959,8
5960,14
5961,23
5962,14
5963,9
5964,9
5965,10
5966,9
5967,9
5968,9
5969,15
5970,11
5971,12
5972,9
5973,9
5974,12
5975,9
5976,9
5977,9
5978,8
5979,8
5980,17
5981,10
5982,8
5983,13
5984,13
5985,12
5986,9
5987,15
5988,11
5989,9
5990,10
5991,9
5992,9
5993,15
5994,16
5995,18
5996,9
5997,10
5998,21
5999,15
6000,8
6001,10
6002,9
6003,11
6004,10
6005,9
6006,10
6007,10
6008,11
6009,9
6010,18
6011,9
6012,12
6013,20
6014,11
6015,14
6016,16
6017,13
6018,8
6019,16
6020,18
6021,13
6022,10
6023,16
6024,27
6025,12
6026,10
6027,9
6028,12
6029,9
6030,14
6031,9
6032,10
6033,10
6034,26
6035,8
6036,10
6037,15
6038,9
6039,17
6040,10
6041,8
6042,10
6043,10
6044,10
6045,8
6046,9
6047,18
6048,11
6049,12
6050,29
6051,16
6052,9
6053,12
6054,16
6055,10
6056,10
6057,14
6058,10
6059,9
6060,12
6061,14
6062,9
6063,12
6064,10
6065,9
6066,9
6067,12
6068,9
6069,10
6070,14
6071,14
6072,10
6073,12
6074,10
6075,10
6076,11
6077,12
6078,8
6079,9
6080,8
6081,11
6082,9
6083,8
6084,10
6085,12
6086,10
6087,10
6088,15
6089,10
6090,12
6091,8
6092,12
6093,10
6094,12
6095,12
6096,11
6097,10
6098,11
6099,9
6100,13
6101,16
6102,10
6103,19
6104,9
6105,10
6106,9
6107,14
6108,13
6109,14
6110,9
6111,12
6112,14
6113,9
6114,9
6115,11
6116,12
6117,23
6118,10
6119,9
6120,16
6121,10
6122,10
6123,16
6124,28
6125,11
6126,20
6127,16
6128,8
6129,8
6130,13
6131,15
6132,10
6133,10
6134,9
6135,8
6136,9
6137,12
6138,8
6139,10
6140,9
6141,9
6142,12
6143,13
6144,15
6145,9
6146,9
6147,11
6148,9
6149,9
6150,10
6151,11
6152,12
6153,20
6154,10
6155,14
6156,10
6157,9
6158,10
6159,11
6160,9
6161,8
6162,10
6163,9
6164,9
6165,9
6166,10
6167,9
6168,43
6169,19
6170,9
6171,10
6172,9
6173,8
6174,10
6175,10
6176,10
6177,9
6178,10
6179,18
6180,10
6181,16
6182,9
6183,18
6184,9
6185,9
6186,11
6187,10
6188,23
6189,17
6190,10
6191,9
6192,10
6193,11
6194,9
6195,9
6196,10
6197,17
6198,10
6199,10
6200,11
6201,8
6202,10
6203,8
6204,8
6205,19
6206,9
6207,16
6208,10
6209,11
6210,10
6211,9
6212,9
6213,14
6214,12
6215,10
6216,9
6217,11
6218,13
6219,9
6220,10
6221,13
6222,10
6223,10
6224,9
6225,14
6226,9
6227,8
6228,9
6229,12
6230,9
6231,16
6232,10
6233,9
6234,10
6235,10
6236,10
6237,10
6238,10
6239,23
6240,15
6241,10
6242,12
6243,9
6244,12
6245,9
6246,9
6247,12
6248,9
6249,10
6250,9
6251,9
6252,22
6253,23
6254,10
6255,10
6256,8
6257,10
6258,18
6259,9
6260,10
6261,10
6262,9
6263,9
6264,10
6265,8
6266,9
6267,10
6268,8
6269,11
6270,8
6271,10
6272,16
6273,13
6274,10
6275,10
6276,9
6277,10
6278,10
6279,9
6280,10
6281,14
6282,10
6283,10
6284,10
6285,10
6286,8
6287,10
6288,17
6289,11
6290,10
6291,9
6292,11
6293,13
6294,9
6295,9
6296,10
6297,10
6298,11
6299,10
6300,18
6301,9
6302,10
6303,8
6304,9
6305,9
6306,12
6307,9
6308,10
6309,10
6310,10
6311,9
6312,13
6313,12
6314,10
6315,18
6316,10
6317,10
6318,10
6319,11
6320,9
6321,10
6322,11
6323,18
6324,13
6325,10
6326,8
6327,11
6328,10
6329,10
6330,14
6331,8
6332,12
6333,16
6334,10
6335,9
6336,10
6337,9
6338,10
6339,10
6340,18
6341,8
6342,9
6343,10
6344,17
6345,15
6346,24
6347,9
6348,10
6349,9
6350,9
6351,9
6352,14
6353,10
6354,10
6355,12
6356,10
6357,22
6358,10
6359,10
6360,10
6361,8
6362,20
6363,9
6364,11
6365,23
6366,9
6367,8
6368,9
6369,9
6370,10
6371,12
6372,8
6373,11
6374,9
6375,19
6376,11
6377,9
6378,9
6379,11
6380,8
6381,9
6382,13
6383,10
6384,8
6385,16
6386,9
6387,27
6388,9
6389,10
6390,12
6391,14
6392,10
6393,8
6394,8
6395,11
6396,8
6397,10
6398,8
6399,15
6400,8
6401,16
6402,13
6403,9
6404,10
6405,9
6406,9
6407,16
6408,30
6409,9
6410,8
6411,11
6412,10
6413,10
6414,10
6415,10
6416,8
6417,10
6418,9
6419,10
6420,10
6421,9
6422,8
6423,11
6424,10
6425,11
6426,10
6427,11
6428,10
6429,10
6430,10
6431,10
6432,12
6433,14
6434,10
6435,10
6436,11
6437,10
6438,9
6439,14
6440,16
6441,14
6442,18
6443,10
6444,9
6445,9
6446,8
6447,10
6448,19
6449,11
6450,9
6451,8
6452,10
6453,12
6454,9
6455,9
6456,14
6457,16
6458,11
6459,10
6460,12
6461,10
6462,16
6463,12
6464,21
6465,34
6466,33
6467,10
6468,16
6469,13
6470,19
6471,9
6472,15
6473,22
6474,25
6475,10
6476,9
6477,10
6478,8
6479,10
6480,10
6481,14
6482,9
6483,11
6484,9
6485,12
6486,10
6487,29
6488,12
6489,8
6490,10
6491,8
6492,20
6493,8
6494,10
6495,9
6496,10
6497,9
6498,13
6499,29
6500,8
6501,11
6502,8
6503,10
6504,10
6505,18
6506,11
6507,9
6508,21
6509,8
6510,9
6511,9
6512,8
6513,16
6514,10
6515,11
6516,9
6517,9
6518,10
6519,20
6520,10
6521,9
6522,16
6523,9
6524,9
6525,9
6526,12
6527,14
6528,12
6529,8
6530,9
6531,8
6532,12
6533,10
6534,14
6535,9
6536,9
6537,19
6538,11
6539,22
6540,10
6541,16
6542,21
6543,22
6544,9
6545,18
6546,25
6547,9
6548,14
6549,10
6550,9
6551,20
6552,8
6553,10
6554,9
6555,10
6556,9
6557,9
6558,12
6559,10
6560,9
6561,10
6562,9
6563,11
6564,8
6565,10
6566,8
6567,13
6568,13
6569,11
6570,10
6571,13
6572,14
6573,10
6574,25
6575,9
6576,9
6577,8
6578,27
6579,12
6580,12
6581,29
6582,9
6583,24
6584,11
6585,9
6586,8
6587,12
6588,9
6589,9
6590,9
6591,11
6592,10
6593,10
6594,10
6595,16
6596,25
6597,11
6598,10
6599,9
6600,9
6601,10
6602,10
6603,10
6604,8
6605,17
6606,9
6607,9
6608,10
6609,10
6610,18
6611,9
6612,9
6613,10
6614,10
6615,14
6616,12
6617,11
6618,11
6619,9
6620,12
6621,10
6622,10
6623,18
6624,18
6625,10
6626,12
6627,10
6628,9
6629,13
6630,10
6631,8
6632,10
6633,12
6634,10
6635,10
6636,8
6637,11
6638,8
6639,9
6640,15
6641,9
6642,13
6643,10
6644,9
6645,20
6646,9
6647,9
6648,11
6649,10
6650,9
6651,17
6652,16
6653,11
6654,9
6655,10
6656,13
6657,14
6658,10
6659,10
6660,9
6661,10
6662,24
6663,8
6664,14
6665,19
6666,16
6667,14
6668,8
6669,9
6670,10
6671,10
6672,12
6673,10
6674,9
6675,13
6676,10
6677,12
6678,9
6679,16
6680,10
6681,9
6682,13
6683,11
6684,13
6685,10
6686,13
6687,9
6688,18
6689,13
6690,13
6691,14
6692,10
6693,14
6694,10
6695,10
6696,9
6697,14
6698,8
6699,21
6700,9
6701,33
6702,9
6703,9
6704,12
6705,9
6706,8
6707,10
6708,10
6709,31
6710,8
6711,11
6712,12
6713,11
6714,12
6715,16
6716,13
6717,10
6718,19
6719,10
6720,10
6721,31
6722,9
6723,12
6724,9
6725,10
6726,10
6727,13
6728,10
6729,20
6730,24
6731,8
6732,9
6733,9
6734,9
6735,9
6736,10
6737,8
6738,11
6739,9
6740,10
6741,8
6742,19
6743,13
6744,9
6745,10
6746,15
6747,21
6748,10
6749,15
6750,9
6751,11
6752,10
6753,10
6754,9
6755,10
6756,9
6757,13
6758,8
6759,9
6760,10
6761,9
6762,10
6763,10
6764,8
6765,10
6766,12
6767,9
6768,16
6769,10
6770,10
6771,10
6772,9
6773,11
6774,10
6775,9
6776,8
6777,10
6778,8
6779,13
6780,10
6781,11
6782,10
6783,11
6784,10
6785,10
6786,10
6787,9
6788,16
6789,10
6790,10
6791,8
6792,12
6793,19
6794,22
6795,9
6796,12
6797,9
6798,12
6799,11
6800,19
6801,10
6802,10
6803,10
6804,10
6805,10
6806,10
6807,9
6808,11
6809,9
6810,9
6811,20
6812,19
6813,15
6814,9
6815,8
6816,9
6817,12
6818,13
6819,9
6820,9
6821,20
6822,15
6823,11
6824,9
6825,10
6826,10
6827,13
6828,16
6829,16
6830,9
6831,10
6832,9
6833,11
6834,16
6835,20
6836,14
6837,15
6838,10
6839,10
6840,10
6841,10
6842,9
6843,10
6844,10
6845,9
6846,26
6847,14
6848,10
6849,13
6850,9
6851,12
6852,9
6853,9
6854,9
6855,9
6856,8
6857,11
6858,8
6859,17
6860,11
6861,15
6862,10
6863,12
6864,18
6865,9
6866,9
6867,15
6868,10
6869,11
6870,9
6871,9
6872,24
6873,10
6874,11
6875,13
6876,10
6877,10
6878,17
6879,9
6880,19
6881,9
6882,9
6883,13
6884,10
6885,11
6886,13
6887,17
6888,9
6889,12
6890,10
6891,12
6892,12
6893,9
6894,8
6895,21
6896,9
6897,15
6898,9
6899,11
6900,9
6901,10
6902,26
6903,10
6904,61
6905,15
6906,21
6907,9
6908,10
6909,10
6910,9
6911,10
6912,15
6913,10
6914,9
6915,9
6916,10
6917,8
6918,10
6919,14
6920,15
6921,12
6922,9
6923,10
6924,9
6925,16
6926,13
6927,12
6928,28
6929,13
6930,9
6931,9
6932,9
6933,9
6934,10
6935,23
6936,8
6937,10
6938,13
6939,9
6940,10
6941,9
6942,11
6943,17
6944,10
6945,9
6946,8
6947,10
6948,9
6949,12
6950,10
6951,16
6952,13
6953,11
6954,10
6955,14
6956,10
6957,9
6958,10
6959,13
6960,10
6961,20
6962,14
6963,9
6964,9
6965,19
6966,10
6967,9
6968,9
6969,9
6970,10
6971,10
6972,10
6973,10
6974,11
6975,13
6976,13
6977,10
6978,9
6979,9
6980,10
6981,29
6982,9
6983,13
6984,9
6985,9
6986,10
6987,15
6988,10
6989,10
6990,19
6991,9
6992,9
6993,39
6994,9
6995,9
6996,10
6997,10
6998,9
6999,9
7000,10
7001,8
7002,9
7003,11
7004,10
7005,10
7006,9
7007,12
7008,10
7009,10
7010,13
7011,19
7012,29
7013,8
7014,8
7015,8
7016,9
7017,9
7018,10
7019,9
7020,28
7021,25
7022,10
7023,9
7024,17
7025,9
7026,10
7027,10
7028,9
7029,17
7030,10
7031,11
7032,15
7033,13
7034,10
7035,10
7036,12
7037,10
7038,14
7039,10
7040,18
7041,14
7042,16
7043,9
7044,10
7045,22
7046,8
7047,9
7048,10
7049,10
7050,17
7051,8
7052,9
7053,13
7054,13
7055,10
7056,10
7057,9
7058,17
7059,12
7060,10
7061,21
7062,12
7063,10
7064,18
7065,18
7066,14
7067,29
7068,17
7069,11
7070,10
7071,21
7072,9
7073,10
7074,15
7075,11
7076,9
7077,10
7078,10
7079,10
7080,25
7081,8
7082,8
7083,10
7084,10
7085,11
7086,11
7087,10
7088,27
7089,18
7090,9
7091,10
7092,9
7093,9
7094,9
7095,14
7096,13
7097,9
7098,16
7099,9
7100,21
7101,10
7102,9
7103,9
7104,10
7105,10
7106,10
7107,18
7108,21
7109,12
7110,11
7111,14
7112,9
7113,9
7114,12
7115,13
7116,9
7117,14
7118,10
7119,12
7120,9
7121,10
7122,9
7123,16
7124,10
7125,11
7126,10
7127,8
7128,10
7129,10
7130,10
7131,11
7132,9
7133,15
7134,30
7135,8
7136,9
7137,9
7138,10
7139,16
7140,12
7141,16
7142,14
7143,10
7144,10
7145,8
7146,9
7147,9
7148,9
7149,9
7150,11
7151,8
7152,9
7153,19
7154,15
7155,9
7156,9
7157,9
7158,9
7159,9
7160,11
7161,11
7162,15
7163,17
7164,13
7165,18
7166,21
7167,11
7168,10
7169,9
7170,14
7171,13
7172,14
7173,10
7174,9
7175,13
7176,11
7177,10
7178,10
7179,10
7180,9
7181,9
7182,10
7183,11
7184,9
7185,8
7186,12
7187,10
7188,10
7189,10
7190,15
7191,27
7192,10
7193,8
7194,18
7195,11
7196,9
7197,10
7198,28
7199,13
7200,10
7201,14
7202,16
7203,9
7204,14
7205,10
7206,10
7207,17
7208,12
7209,10
7210,19
7211,8
7212,8
7213,10
7214,13
7215,10
7216,10
7217,9
7218,10
7219,15
7220,18
7221,13
7222,16
7223,9
7224,9
7225,10
7226,20
7227,15
7228,13
7229,13
7230,11
7231,10
7232,10
7233,11
7234,19
7235,24
7236,12
7237,10
7238,11
7239,9
7240,13
7241,9
7242,9
7243,11
7244,9
7245,12
7246,21
7247,10
7248,9
7249,33
7250,21
7251,10
7252,12
7253,10
7254,10
7255,10
7256,9
7257,10
7258,10
7259,9
7260,9
7261,23
7262,12
7263,12
7264,10
7265,9
7266,9
7267,10
7268,12
7269,9
7270,9
7271,10
7272,11
7273,10
7274,11
7275,9
7276,10
7277,10
7278,10
7279,10
7280,12
7281,9
7282,9
7283,9
7284,10
7285,10
7286,16
7287,10
7288,9
7289,10
7290,12
7291,9
7292,10
7293,8
7294,12
7295,10
7296,13
7297,10
7298,10
7299,22
7300,11
7301,9
7302,20
7303,16
7304,10
7305,33
7306,13
7307,10
7308,9
7309,9
7310,14
7311,10
7312,9
7313,9
7314,9
7315,15
7316,9
7317,8
7318,11
7319,10
7320,19
7321,8
7322,11
7323,10
7324,20
7325,17
7326,8
7327,11
7328,12
7329,10
7330,9
7331,10
7332,11
7333,9
7334,9
7335,10
7336,9
7337,14
7338,10
7339,9
7340,18
7341,10
7342,10
7343,27
7344,10
7345,16
7346,10
7347,10
7348,14
7349,12
7350,10
7351,10
7352,11
7353,9
7354,9
7355,10
7356,10
7357,9
7358,14
7359,10
7360,9
7361,9
7362,12
7363,10
7364,11
7365,10
7366,13
7367,14
7368,8
7369,10
7370,10
7371,13
7372,9
7373,18
7374,11
7375,9
7376,16
7377,21
7378,8
7379,14
7380,10
7381,10
7382,18
7383,10
7384,11
7385,8
7386,14
7387,17
7388,10
7389,9
7390,9
7391,10
7392,11
7393,9
7394,11
7395,9
7396,10
7397,9
7398,9
7399,10
7400,8
7401,10
7402,12
7403,10
7404,10
7405,10
7406,9
7407,9
7408,19
7409,15
7410,12
7411,27
7412,11
7413,9
7414,9
7415,9
7416,12
7417,18
7418,9
7419,13
7420,10
7421,17
7422,14
7423,9
7424,12
7425,9
7426,20
7427,17
7428,9
7429,12
7430,11
7431,10
7432,26
7433,8
7434,10
7435,11
7436,16
7437,18
7438,10
7439,14
7440,10
7441,10
7442,10
7443,10
7444,15
7445,10
7446,10
7447,9
7448,15
7449,21
7450,25
7451,9
7452,10
7453,10
7454,8
7455,16
7456,15
7457,15
7458,9
7459,22
7460,10
7461,21
7462,11
7463,10
7464,9
7465,8
7466,10
7467,10
7468,11
7469,10
7470,9
7471,9
7472,9
7473,10
7474,13
7475,10
7476,17
7477,13
7478,10
7479,11
7480,8
7481,9
7482,13
7483,9
7484,9
7485,8
7486,15
7487,8
7488,9
7489,9
7490,9
7491,9
7492,9
7493,10
7494,10
7495,10
7496,10
7497,9
7498,12
7499,12
7500,17
7501,21
7502,20
7503,10
7504,14
7505,10
7506,10
7507,9
7508,16
7509,8
7510,10
7511,8
7512,9
7513,11
7514,12
7515,10
7516,15
7517,9
7518,9
7519,9
7520,9
7521,43
7522,9
7523,13
7524,13
7525,9
7526,11
7527,13
7528,9
7529,11
7530,10
7531,10
7532,11
7533,9
7534,9
7535,8
7536,24
7537,10
7538,10
7539,9
7540,10
7541,10
7542,10
7543,18
7544,8
7545,9
7546,12
7547,20
7548,9
7549,9
7550,8
7551,9
7552,9
7553,17
7554,12
7555,11
7556,10
7557,9
7558,10
7559,10
7560,16
7561,10
7562,8
7563,10
7564,10
7565,8
7566,11
7567,9
7568,8
7569,8
7570,15
7571,10
7572,8
7573,14
7574,10
7575,10
7576,10
7577,11
7578,9
7579,13
7580,9
7581,11
7582,9
7583,15
7584,13
7585,13
7586,9
7587,11
7588,9
7589,9
7590,10
7591,11
7592,11
7593,9
7594,9
7595,8
7596,17
7597,16
7598,10
7599,21
7600,12
7601,10
7602,10
7603,8
7604,8
7605,9
7606,26
7607,9
7608,15
7609,10
7610,9
7611,10
7612,9
7613,9
7614,9
7615,10
7616,9
7617,13
7618,8
7619,10
7620,9
7621,10
7622,10
7623,9
7624,13
7625,12
7626,9
7627,12
7628,10
7629,11
7630,12
7631,10
7632,19
7633,8
7634,10
7635,10
7636,9
7637,10
7638,8
7639,13
7640,11
7641,10
7642,10
7643,8
7644,16
7645,10
7646,17
7647,9
7648,10
7649,11
7650,9
7651,10
7652,8
7653,19
7654,11
7655,9
7656,9
7657,9
7658,9
7659,10
7660,10
7661,9
7662,10
7663,14
7664,17
7665,10
7666,9
7667,10
7668,8
7669,10
7670,10
7671,9
7672,20
7673,17
7674,12
7675,11
7676,14
7677,13
7678,9
7679,9
7680,10
7681,10
7682,8
7683,9
7684,10
7685,9
7686,12
7687,9
7688,13
7689,8
7690,19
7691,12
7692,10
7693,15
7694,9
7695,10
7696,15
7697,13
7698,15
7699,14
7700,29
7701,10
7702,9
7703,10
7704,9
7705,8
7706,9
7707,10
7708,10
7709,10
7710,9
7711,10
7712,10
7713,9
7714,9
7715,16
7716,10
7717,26
7718,11
7719,15
7720,8
7721,17
7722,24
7723,10
7724,16
7725,22
7726,10
7727,9
7728,10
7729,9
7730,9
7731,9
7732,8
7733,10
7734,18
7735,12
7736,10
7737,11
7738,9
7739,9
7740,10
7741,10
7742,10
7743,9
7744,9
7745,14
7746,10
7747,12
7748,9
7749,9
7750,9
7751,8
7752,13
7753,11
7754,9
7755,10
7756,9
7757,12
7758,10
7759,9
7760,10
7761,12
7762,10
7763,8
7764,11
7765,19
7766,10
7767,10
7768,9
7769,11
7770,10
7771,11
7772,10
7773,11
7774,10
7775,11
7776,10
7777,10
7778,10
7779,8
7780,15
7781,10
7782,8
7783,10
7784,9
7785,11
7786,8
7787,9
7788,11
7789,9
7790,10
7791,9
7792,9
7793,10
7794,15
7795,9
7796,9
7797,10
7798,11
7799,14
7800,8
7801,10
7802,18
7803,9
7804,10
7805,9
7806,8
7807,9
7808,9
7809,10
7810,9
7811,9
7812,10
7813,10
7814,10
7815,10
7816,10
7817,10
7818,9
7819,9
7820,9
7821,10
7822,10
7823,10
7824,14
7825,17
7826,10
7827,8
7828,12
7829,10
7830,9
7831,10
7832,10
7833,9
7834,8
7835,9
7836,10
7837,8
7838,8
7839,9
7840,10
7841,11
7842,8
7843,9
7844,9
7845,8
7846,8
7847,10
7848,10
7849,16
7850,12
7851,8
7852,18
7853,9
7854,10
7855,9
7856,10
7857,10
7858,9
7859,10
7860,9
7861,10
7862,10
7863,9
7864,8
7865,10
7866,9
7867,10
7868,10
7869,10
7870,10
7871,11
7872,9
7873,9
7874,10
7875,11
7876,9
7877,11
7878,9
7879,9
7880,9
7881,10
7882,9
7883,9
7884,12
7885,16
7886,9
7887,9
7888,10
7889,8
7890,8
7891,9
7892,9
7893,9
7894,9
7895,18
7896,10
7897,22
7898,10
7899,10
7900,9
7901,10
7902,10
7903,9
7904,20
7905,14
7906,9
7907,13
7908,13
7909,9
7910,10
7911,9
7912,8
7913,11
7914,9
7915,10
7916,10
7917,14
7918,9
7919,10
7920,10
7921,10
7922,10
7923,16
7924,9
7925,9
7926,18
7927,9
7928,9
7929,9
7930,10
7931,10
7932,13
7933,10
7934,10
7935,20
7936,10
7937,15
7938,9
7939,19
7940,9
7941,9
7942,9
7943,9
7944,10
7945,11
7946,9
7947,10
7948,10
7949,10
7950,9
7951,9
7952,10
7953,11
7954,9
7955,10
7956,10
7957,13
7958,14
7959,10
7960,9
7961,12
7962,9
7963,10
7964,9
7965,12
7966,10
7967,12
7968,9
7969,29
7970,8
7971,18
7972,12
7973,10
7974,12
7975,10
7976,14
7977,9
7978,12
7979,11
7980,10
7981,9
7982,11
7983,9
7984,8
7985,10
7986,9
7987,14
7988,9
7989,8
7990,9
7991,9
7992,16
7993,11
7994,15
7995,10
7996,12
7997,12
7998,14
7999,15
8000,17
8001,13
8002,10
8003,9
8004,10
8005,15
8006,12
8007,16
8008,10
8009,8
8010,8
8011,10
8012,10
8013,10
8014,9
8015,8
8016,10
8017,9
8018,10
8019,19
8020,16
8021,13
8022,18
8023,8
8024,8
8025,10
8026,9
8027,18
8028,18
8029,25
8030,13
8031,8
8032,8
8033,13
8034,9
8035,11
8036,8
8037,16
8038,19
8039,22
8040,18
8041,10
8042,9
8043,16
8044,8
8045,10
8046,9
8047,12
8048,10
8049,11
8050,15
8051,11
8052,8
8053,9
8054,8
8055,12
8056,10
8057,10
8058,11
8059,9
8060,12
8061,9
8062,18
8063,9
8064,8
8065,9
8066,9
8067,10
8068,10
8069,9
8070,8
8071,10
8072,9
8073,10
8074,9
8075,13
8076,21
8077,14
8078,14
8079,9
8080,10
8081,10
8082,13
8083,9
8084,8
8085,10
8086,13
8087,16
8088,13
8089,12
8090,9
8091,10
8092,10
8093,12
8094,11
8095,11
8096,9
8097,10
8098,16
8099,8
8100,9
8101,10
8102,11
8103,8
8104,14
8105,9
8106,12
8107,10
8108,10
8109,17
8110,15
8111,17
8112,9
8113,13
8114,9
8115,9
8116,10
8117,11
8118,8
8119,15
8120,19
8121,15
8122,10
8123,8
8124,23
8125,10
8126,9
8127,13
8128,18
8129,9
8130,9
8131,10
8132,9
8133,8
8134,9
8135,9
8136,8
8137,10
8138,10
8139,10
8140,10
8141,8
8142,9
8143,19
8144,8
8145,9
8146,14
8147,9
8148,10
8149,19
8150,10
8151,9
8152,11
8153,9
8154,10
8155,9
8156,10
8157,9
8158,11
8159,17
8160,20
8161,11
8162,9
8163,9
8164,11
8165,12
8166,17
8167,18
8168,10
8169,10
8170,11
8171,10
8172,11
8173,13
8174,10
8175,11
8176,15
8177,9
8178,9
8179,18
8180,10
8181,20
8182,20
8183,9
8184,9
8185,10
8186,9
8187,9
8188,9
8189,23
8190,9
8191,11
8192,8
8193,9
8194,9
8195,10
8196,12
8197,10
8198,9
8199,19
8200,10
8201,11
8202,20
8203,10
8204,10
8205,10
8206,12
8207,10
8208,17
8209,16
8210,14
8211,10
8212,13
8213,8
8214,13
8215,20
8216,20
8217,9
8218,19
8219,10
8220,11
8221,10
8222,9
8223,9
8224,8
8225,9
8226,12
8227,8
8228,20
8229,26
8230,9
8231,10
8232,10
8233,10
8234,11
8235,15
8236,10
8237,11
8238,10
8239,14
8240,9
8241,12
8242,15
8243,19
8244,9
8245,8
8246,10
8247,12
8248,8
8249,10
8250,10
8251,9
8252,10
8253,9
8254,10
8255,9
8256,9
8257,9
8258,11
8259,26
8260,13
8261,19
8262,11
8263,17
8264,15
8265,9
8266,9
8267,9
8268,13
8269,9
8270,14
8271,13
8272,12
8273,8
8274,18
8275,10
8276,9
8277,13
8278,14
8279,8
8280,17
8281,10
8282,9
8283,20
8284,10
8285,9
8286,17
8287,8
8288,9
8289,10
8290,9
8291,11
8292,10
8293,9
8294,10
8295,10
8296,10
8297,11
8298,10
8299,9
8300,9
8301,10
8302,11
8303,8
8304,19
8305,11
8306,9
8307,11
8308,10
8309,9
8310,10
8311,10
8312,8
8313,9
8314,10
8315,9
8316,26
8317,8
8318,14
8319,13
8320,15
8321,10
8322,49
8323,9
8324,18
8325,8
8326,10
8327,10
8328,20
8329,9
8330,9
8331,14
8332,24
8333,12
8334,14
8335,10
8336,9
8337,14
8338,11
8339,9
8340,9
8341,9
8342,23
8343,10
8344,9
8345,10
8346,27
8347,19
8348,9
8349,8
8350,10
8351,9
8352,15
8353,10
8354,10
8355,10
8356,12
8357,45
8358,10
8359,9
8360,10
8361,15
8362,10
8363,17
8364,19
8365,15
8366,18
8367,19
8368,15
8369,10
8370,20
8371,10
8372,8
8373,10
8374,9
8375,24
8376,10
8377,9
8378,10
8379,10
8380,18
8381,13
8382,9
8383,10
8384,10
8385,10
8386,10
8387,9
8388,10
8389,10
8390,13
8391,9
8392,20
8393,23
8394,9
8395,15
8396,10
8397,9
8398,9
8399,11
8400,18
8401,20
8402,12
8403,15
8404,16
8405,18
8406,9
8407,10
8408,27
8409,11
8410,8
8411,8
8412,11
8413,14
8414,10
8415,11
8416,9
8417,10
8418,10
8419,12
8420,10
8421,14
8422,8
8423,12
8424,10
8425,8
8426,9
8427,9
8428,9
8429,9
8430,9
8431,16
8432,11
8433,8
8434,16
8435,11
8436,9
8437,11
8438,8
8439,9
8440,19
8441,10
8442,10
8443,10
8444,8
8445,17
8446,13
8447,9
8448,9
8449,10
8450,11
8451,10
8452,11
8453,9
8454,10
8455,9
8456,19
8457,9
8458,15
8459,9
8460,9
8461,13
8462,10
8463,9
8464,10
8465,10
8466,10
8467,14
8468,10
8469,9
8470,10
8471,9
8472,8
8473,9
8474,17
8475,11
8476,9
8477,18
8478,9
8479,9
8480,10
8481,12
8482,10
8483,10
8484,26
8485,10
8486,11
8487,10
8488,24
8489,9
8490,17
8491,9
8492,10
8493,9
8494,12
8495,10
8496,15
8497,10
8498,10
8499,18
8500,15
8501,10
8502,11
8503,9
8504,13
8505,15
8506,15
8507,9
8508,11
8509,20
8510,14
8511,10
8512,10
8513,8
8514,11
8515,16
8516,8
8517,15
8518,17
8519,9
8520,12
8521,9
8522,10
8523,10
8524,9
8525,10
8526,10
8527,10
8528,9
8529,9
8530,9
8531,11
8532,10
8533,9
8534,18
8535,8
8536,9
8537,9
8538,9
8539,10
8540,9
8541,9
8542,22
8543,19
8544,22
8545,11
8546,9
8547,11
8548,9
8549,9
8550,9
8551,10
8552,18
8553,12
8554,9
8555,9
8556,10
8557,16
8558,12
8559,13
8560,10
8561,9
8562,19
8563,9
8564,21
8565,15
8566,12
8567,12
8568,16
8569,10
8570,10
8571,15
8572,15
8573,9
8574,11
8575,10
8576,11
8577,27
8578,10
8579,12
8580,10
8581,17
8582,13
8583,8
8584,25
8585,11
8586,10
8587,32
8588,11
8589,28
8590,9
8591,10
8592,10
8593,8
8594,13
8595,10
8596,10
8597,9
8598,9
8599,9
8600,9
8601,18
8602,9
8603,10
8604,23
8605,11
8606,8
8607,9
8608,10
8609,18
8610,9
8611,10
8612,10
8613,10
8614,10
8615,9
8616,9
8617,9
8618,10
8619,21
8620,10
8621,10
8622,9
8623,10
8624,11
8625,9
8626,10
8627,10
8628,15
8629,27
8630,9
8631,19
8632,15
8633,12
8634,9
8635,20
8636,29
8637,9
8638,8
8639,10
8640,10
8641,8
8642,8
8643,8
8644,9
8645,24
8646,26
8647,10
8648,11
8649,22
8650,21
8651,9
8652,10
8653,10
8654,10
8655,10
8656,9
8657,12
8658,9
8659,9
8660,11
8661,9
8662,20
8663,9
8664,8
8665,21
8666,12
8667,18
8668,10
8669,9
8670,20
8671,9
8672,9
8673,8
8674,9
8675,15
8676,9
8677,9
8678,10
8679,10
8680,9
8681,9
8682,9
8683,9
8684,8
8685,9
8686,9
8687,12
8688,9
8689,10
8690,10
8691,9
8692,9
8693,10
8694,10
8695,9
8696,10
8697,10
8698,12
8699,9
8700,10
8701,9
8702,12
8703,9
8704,9
8705,17
8706,11
8707,10
8708,14
8709,18
8710,10
8711,11
8712,18
8713,18
8714,10
8715,10
8716,9
8717,22
8718,9
8719,12
8720,10
8721,10
8722,10
8723,17
8724,9
8725,14
8726,8
8727,10
8728,13
8729,10
8730,11
8731,9
8732,10
8733,8
8734,10
8735,8
8736,9
8737,9
8738,9
8739,11
8740,8
8741,10
8742,9
8743,9
8744,10
8745,9
8746,10
8747,9
8748,13
8749,10
8750,18
8751,27
8752,23
8753,21
8754,15
8755,8
8756,16
8757,11
8758,9
8759,21
8760,10
8761,9
8762,11
8763,15
8764,16
8765,8
8766,8
8767,10
8768,14
8769,9
8770,10
8771,11
8772,9
8773,11
8774,12
8775,9
8776,13
8777,10
8778,9
8779,24
8780,9
8781,9
8782,9
8783,8
8784,13
8785,15
8786,14
8787,14
8788,13
8789,9
8790,22
8791,18
8792,20
8793,22
8794,13
8795,9
8796,12
8797,10
8798,8
8799,9
8800,9
8801,9
8802,10
8803,10
8804,20
8805,12
8806,9
8807,9
8808,9
8809,10
8810,15
8811,14
8812,11
8813,9
8814,10
8815,11
8816,9
8817,15
8818,9
8819,10
8820,9
8821,12
8822,9
8823,16
8824,20
8825,31
8826,20
8827,9
8828,15
8829,29
8830,11
8831,9
8832,9
8833,15
8834,10
8835,9
8836,10
8837,23
8838,10
8839,12
8840,9
8841,8
8842,13
8843,9
8844,10
8845,9
8846,9
8847,18
8848,11
8849,9
8850,12
8851,19
8852,9
8853,9
8854,13
8855,10
8856,9
8857,11
8858,10
8859,10
8860,9
8861,10
8862,13
8863,17
8864,9
8865,9
8866,10
8867,15
8868,9
8869,14
8870,9
8871,19
8872,9
8873,12
8874,14
8875,31
8876,10
8877,10
8878,17
8879,14
8880,12
8881,11
8882,15
8883,10
8884,10
8885,18
8886,15
8887,9
8888,10
8889,9
8890,20
8891,11
8892,16
8893,16
8894,22
8895,11
8896,9
8897,10
8898,8
8899,16
8900,10
8901,9
8902,10
8903,16
8904,18
8905,16
8906,10
8907,24
8908,9
8909,14
8910,9
8911,23
8912,12
8913,8
8914,8
8915,12
8916,9
8917,11
8918,10
8919,24
8920,12
8921,9
8922,10
8923,8
8924,10
8925,16
8926,20
8927,29
8928,10
8929,9
8930,8
8931,10
8932,10
8933,9
8934,10
8935,13
8936,9
8937,24
8938,10
8939,19
8940,12
8941,18
8942,10
8943,10
8944,13
8945,27
8946,9
8947,19
8948,9
8949,23
8950,11
8951,10
8952,16
8953,8
8954,8
8955,15
8956,10
8957,19
8958,9
8959,10
8960,9
8961,10
8962,13
8963,9
8964,10
8965,16
8966,12
8967,8
8968,10
8969,9
8970,17
8971,19
8972,10
8973,9
8974,9
8975,18
8976,9
8977,16
8978,11
8979,20
8980,15
8981,10
8982,15
8983,9
8984,10
8985,8
8986,11
8987,10
8988,10
8989,22
8990,13
8991,10
8992,10
8993,10
8994,9
8995,9
8996,10
8997,13
8998,13
8999,10
9000,10
9001,18
9002,20
9003,13
9004,9
9005,15
9006,9
9007,9
9008,9
9009,9
9010,10
9011,10
9012,10
9013,13
9014,11
9015,27
9016,9
9017,10
9018,9
9019,10
9020,17
9021,9
9022,16
9023,10
9024,11
9025,10
9026,14
9027,14
9028,19
9029,15
9030,9
9031,10
9032,14
9033,11
9034,12
9035,10
9036,10
9037,10
9038,9
9039,10
9040,14
9041,10
9042,9
9043,10
9044,10
9045,20
9046,10
9047,10
9048,18
9049,15
9050,22
9051,10
9052,11
9053,9
9054,17
9055,10
9056,12
9057,9
9058,11
9059,9
9060,21
9061,9
9062,10
9063,16
9064,9
9065,12
9066,19
9067,14
9068,16
9069,11
9070,10
9071,12
9072,10
9073,10
9074,17
9075,14
9076,12
9077,10
9078,10
9079,10
9080,9
9081,13
9082,16
9083,13
9084,9
9085,15
9086,10
9087,9
9088,10
9089,10
9090,10
9091,13
9092,9
9093,12
9094,9
9095,9
9096,10
9097,24
9098,11
9099,16
9100,33
9101,13
9102,20
9103,15
9104,10
9105,11
9106,10
9107,10
9108,8
9109,10
9110,17
9111,10
9112,11
9113,10
9114,10
9115,9
9116,10
9117,9
9118,9
9119,9
9120,19
9121,19
9122,10
9123,10
9124,9
9125,11
9126,11
9127,18
9128,15
9129,16
9130,10
9131,8
9132,24
9133,9
9134,10
9135,12
9136,10
9137,10
9138,9
9139,8
9140,11
9141,10
9142,22
9143,11
9144,10
9145,22
9146,14
9147,11
9148,9
9149,10
9150,9
9151,13
9152,9
9153,15
9154,9
9155,10
9156,9
9157,8
9158,14
9159,9
9160,10
9161,9
9162,10
9163,12
9164,12
9165,20
9166,10
9167,8
9168,22
9169,10
9170,10
9171,11
9172,12
9173,11
9174,9
9175,8
9176,11
9177,9
9178,17
9179,8
9180,10
9181,12
9182,10
9183,33
9184,12
9185,9
9186,11
9187,9
9188,9
9189,16
9190,9
9191,8
9192,12
9193,8
9194,12
9195,9
9196,9
9197,12
9198,10
9199,9
9200,9
9201,9
9202,9
9203,9
9204,16
9205,24
9206,9
9207,18
9208,11
9209,9
9210,13
9211,12
9212,8
9213,16
9214,12
9215,13
9216,16
9217,9
9218,14
9219,20
9220,12
9221,8
9222,12
9223,13
9224,12
9225,8
9226,16
9227,15
9228,8
9229,10
9230,17
9231,10
9232,10
9233,10
9234,10
9235,9
9236,9
9237,9
9238,13
9239,10
9240,14
9241,29
9242,10
9243,12
9244,8
9245,9
9246,11
9247,11
9248,15
9249,15
9250,10
9251,9
9252,14
9253,9
9254,9
9255,10
9256,10
9257,8
9258,9
9259,9
9260,23
9261,10
9262,9
9263,9
9264,10
9265,14
9266,10
9267,10
9268,9
9269,11
9270,10
9271,16
9272,8
9273,25
9274,10
9275,16
9276,15
9277,8
9278,11
9279,9
9280,10
9281,10
9282,10
9283,18
9284,12
9285,9
9286,15
9287,10
9288,12
9289,9
9290,10
9291,9
9292,8
9293,8
9294,9
9295,10
9296,9
9297,10
9298,8
9299,9
9300,10
9301,10
9302,19
9303,14
9304,10
9305,15
9306,20
9307,9
9308,10
9309,9
9310,10
9311,15
9312,12
9313,9
9314,13
9315,9
9316,10
9317,10
9318,10
9319,14
9320,21
9321,10
9322,10
9323,8
9324,8
9325,9
9326,10
9327,9
9328,14
9329,12
9330,9
9331,10
9332,10
9333,10
9334,10
9335,9
9336,10
9337,22
9338,10
9339,9
9340,14
9341,9
9342,10
9343,9
9344,9
9345,17
9346,14
9347,16
9348,24
9349,9
9350,16
9351,13
9352,9
9353,13
9354,9
9355,13
9356,10
9357,10
9358,10
9359,17
9360,10
9361,10
9362,10
9363,9
9364,15
9365,15
9366,11
9367,16
9368,14
9369,9
9370,13
9371,22
9372,10
9373,10
9374,9
9375,13
9376,18
9377,15
9378,15
9379,10
9380,14
9381,8
9382,16
9383,10
9384,17
9385,10
9386,13
9387,8
9388,12
9389,10
9390,12
9391,10
9392,10
9393,15
9394,13
9395,10
9396,9
9397,17
9398,10
9399,10
9400,10
9401,12
9402,12
9403,14
9404,22
9405,10
9406,10
9407,10
9408,8
9409,21
9410,12
9411,9
9412,12
9413,10
9414,10
9415,18
9416,10
9417,8
9418,10
9419,11
9420,11
9421,9
9422,9
9423,10
9424,9
9425,11
9426,8
9427,10
9428,10
9429,10
9430,9
9431,10
9432,8
9433,10
9434,9
9435,10
9436,14
9437,10
9438,10
9439,9
9440,14
9441,10
9442,15
9443,17
9444,14
9445,13
9446,10
9447,14
9448,26
9449,9
9450,10
9451,19
9452,10
9453,25
9454,10
9455,10
9456,8
9457,17
9458,8
9459,19
9460,9
9461,10
9462,12
9463,8
9464,9
9465,9
9466,10
9467,11
9468,8
9469,9
9470,9
9471,11
9472,9
9473,8
9474,11
9475,9
9476,10
9477,9
9478,8
9479,10
9480,11
9481,10
9482,10
9483,9
9484,13
9485,10
9486,9
9487,10
9488,19
9489,9
9490,11
9491,10
9492,13
9493,10
9494,8
9495,11
9496,9
9497,23
9498,9
9499,12
9500,9
9501,10
9502,15
9503,18
9504,11
9505,9
9506,10
9507,11
9508,10
9509,9
9510,8
9511,16
9512,10
9513,9
9514,17
9515,19
9516,10
9517,10
9518,8
9519,13
9520,9
9521,10
9522,10
9523,10
9524,8
9525,16
9526,9
9527,10
9528,16
9529,12
9530,12
9531,17
9532,10
9533,9
9534,10
9535,16
9536,22
9537,24
9538,9
9539,8
9540,9
9541,13
9542,9
9543,13
9544,13
9545,10
9546,15
9547,23
9548,9
9549,15
9550,10
9551,18
9552,41
9553,10
9554,17
9555,11
9556,10
9557,10
9558,9
9559,10
9560,8
9561,10
9562,12
9563,10
9564,9
9565,8
9566,9
9567,10
9568,9
9569,9
9570,10
9571,9
9572,10
9573,9
9574,10
9575,8
9576,11
9577,9
9578,9
9579,10
9580,10
9581,28
9582,9
9583,21
9584,8
9585,9
9586,14
9587,9
9588,12
9589,11
9590,10
9591,9
9592,8
9593,12
9594,10
9595,10
9596,9
9597,14
9598,8
9599,16
9600,11
9601,9
9602,10
9603,9
9604,13
9605,10
9606,13
9607,15
9608,10
9609,12
9610,10
9611,15
9612,22
9613,9
9614,13
9615,17
9616,9
9617,9
9618,10
9619,10
9620,10
9621,9
9622,9
9623,17
9624,12
9625,11
9626,10
9627,10
9628,9
9629,10
9630,12
9631,10
9632,10
9633,10
9634,8
9635,8
9636,10
9637,16
9638,9
9639,11
9640,8
9641,9
9642,22
9643,10
9644,9
9645,11
9646,10
9647,11
9648,11
9649,22
9650,9
9651,8
9652,10
9653,9
9654,9
9655,9
9656,14
9657,12
9658,9
9659,10
9660,10
9661,16
9662,31
9663,15
9664,9
9665,8
9666,10
9667,10
9668,11
9669,9
9670,11
9671,9
9672,9
9673,8
9674,10
9675,9
9676,14
9677,10
9678,10
9679,9
9680,9
9681,11
9682,31
9683,14
9684,10
9685,9
9686,10
9687,9
9688,13
9689,10
9690,9
9691,18
9692,10
9693,9
9694,9
9695,9
9696,10
9697,8
9698,10
9699,8
9700,9
9701,10
9702,8
9703,9
9704,10
9705,10
9706,9
9707,13
9708,16
9709,9
9710,11
9711,8
9712,15
9713,9
9714,9
9715,9
9716,10
9717,10
9718,16
9719,10
9720,11
9721,8
9722,9
9723,9
9724,9
9725,9
9726,9
9727,12
9728,10
9729,10
9730,10
9731,14
9732,11
9733,9
9734,10
9735,10
9736,9
9737,10
9738,12
9739,17
9740,10
9741,9
9742,23
9743,10
9744,10
9745,10
9746,11
9747,12
9748,9
9749,17
9750,14
9751,16
9752,17
9753,27
9754,10
9755,10
9756,13
9757,20
9758,10
9759,11
9760,9
9761,11
9762,14
9763,15
9764,12
9765,18
9766,10
9767,10
9768,9
9769,16
9770,12
9771,9
9772,10
9773,9
9774,10
9775,9
9776,10
9777,11
9778,13
9779,11
9780,10
9781,9
9782,10
9783,9
9784,10
9785,15
9786,8
9787,9
9788,15
9789,10
9790,11
9791,10
9792,15
9793,10
9794,12
9795,15
9796,10
9797,14
9798,10
9799,9
9800,9
9801,14
9802,10
9803,15
9804,9
9805,9
9806,9
9807,14
9808,9
9809,13
9810,10
9811,10
9812,10
9813,10
9814,11
9815,9
9816,9
9817,11
9818,14
9819,9
9820,10
9821,8
9822,9
9823,9
9824,11
9825,9
9826,10
9827,11
9828,9
9829,17
9830,11
9831,10
9832,13
9833,9
9834,10
9835,8
9836,22
9837,13
9838,26
9839,9
9840,18
9841,12
9842,20
9843,14
9844,10
9845,8
9846,10
9847,9
9848,11
9849,11
9850,10
9851,15
9852,10
9853,9
9854,13
9855,9
9856,13
9857,10
9858,10
9859,29
9860,10
9861,11
9862,9
9863,9
9864,8
9865,10
9866,11
9867,9
9868,13
9869,19
9870,16
9871,14
9872,11
9873,8
9874,18
9875,8
9876,27
9877,19
9878,10
9879,15
9880,15
9881,12
9882,13
9883,8
9884,10
9885,9
9886,15
9887,9
9888,9
9889,10
9890,9
9891,17
9892,18
9893,9
9894,10
9895,13
9896,30
9897,20
9898,10
9899,20
9900,9
9901,8
9902,20
9903,13
9904,17
9905,13
9906,17
9907,9
9908,9
9909,9
9910,17
9911,17
9912,15
9913,9
9914,12
9915,10
9916,20
9917,10
9918,10
9919,9
9920,9
9921,16
9922,10
9923,9
9924,9
9925,10
9926,9
9927,9
9928,11
9929,10
9930,10
9931,12
9932,9
9933,9
9934,9
9935,10
9936,9
9937,11
9938,16
9939,10
9940,11
9941,10
9942,10
9943,10
9944,18
9945,10
9946,10
9947,10
9948,23
9949,9
9950,15
9951,9
9952,9
9953,9
9954,9
9955,8
9956,17
9957,8
9958,11
9959,9
9960,9
9961,10
9962,9
9963,11
9964,9
9965,13
9966,9
9967,11
9968,11
9969,9
9970,10
9971,10
9972,9
9973,10
9974,10
9975,15
9976,9
9977,14
9978,9
9979,9
9980,11
9981,12
9982,9
9983,10
9984,9
9985,10
9986,8
9987,9
9988,11
9989,9
9990,10
9991,15
9992,20
9993,9
9994,15
9995,19
9996,12
9997,10
9998,20
9999,8
